order_id,customer_name,restaurant_name,delivery_address,food_items,total_cost,delivery_status,order_time,estimated_delivery_time,payment_status
d9355831-fce7-4676-9ede-266db01c0b40,Steve Welch,Hernandez-Keith,"49391 Fischer Ville
West Jacobbury, OK 56397",['Pizza'],96.23,Pending,2026-01-01 17:18:58,2026-02-13 00:53:20,Paid
407a89b0-83c2-4f63-b79d-b7be254d7056,Nicole Bullock,"Beasley, Martinez and Hayes","81182 Richmond Plaza
Christinafort, MI 72489","['Steak', 'Pizza', 'Tacos']",70.15,Delivered,2026-01-09 04:41:50,2026-01-23 17:00:19,Paid
74bf85fd-396c-46fd-bf97-b41918a30c6a,Michael Myers,"Burns, Cunningham and Sandoval","278 Miller Ford Apt. 709
Sarahaven, FL 38182",['Steak'],86.24,Pending,2026-02-11 06:00:03,2026-01-09 17:17:16,Unpaid
cec36101-da0f-421e-a778-ed033c87006c,Antonio Bray,Powers PLC,"USCGC Lee
FPO AP 26856","['Sushi', 'Salad', 'Fried Chicken']",27.99,Cancelled,2026-02-26 08:07:10,2026-01-22 16:05:07,Refunded
9fdddb3e-191e-4e65-91bf-fae535a2549a,Dr. Kelly Black,Miranda Ltd,"2981 Costa Mall Suite 489
Lake Kathryn, FL 92565","['Sushi', 'Steak', 'Salad', 'Burger']",49.65,Delivered,2026-02-02 12:16:13,2026-01-21 02:51:09,Unpaid
1f280b64-b751-42ce-bfde-55b106d3fd15,James Santiago,Perkins Group,"8318 Elliott Coves
Lake Lisa, RI 98048","['Sandwich', 'Tacos']",72.82,Delivered,2026-01-02 11:34:19,2026-02-19 06:35:52,Unpaid
abc36165-f0a0-4340-9d2d-134a3488fc48,Tammy Martin,Miller Inc,"31044 Petty Locks Suite 625
Mcclureville, TX 91773","['Sandwich', 'Tacos']",63.61,Delivered,2026-01-20 23:37:15,2026-02-24 16:08:48,Refunded
0d3bb2eb-ec39-4104-ab8c-657a9f724c4e,Lauren Vargas,Farmer-Francis,"103 Christopher Parks
New Ashlee, UT 10608","['Soup', 'Sandwich']",30.36,Cancelled,2026-02-24 18:17:17,2026-01-14 10:48:10,Paid
253873e2-6e8f-4b77-8654-9d3565667171,Samuel Mejia,"Proctor, Mueller and Powers","79760 Cantrell Inlet Apt. 383
Port Elizabeth, MI 64616",['Steak'],24.58,Cancelled,2026-01-01 16:58:44,2026-01-08 05:13:08,Refunded
944167c4-5660-42c3-95ac-f48caa51079b,Robin Knox,Davis Group,"6354 Bradley Underpass
Lisaberg, PA 22251","['Fried Chicken', 'Steak', 'Pizza']",20.89,Cancelled,2026-02-10 20:14:44,2026-01-04 03:20:06,Refunded
e743bf92-7243-462e-90c9-fffac7994aba,John Jones,Bradley Group,"7597 Erickson Plains Suite 193
North Carol, PR 52887",['Pasta'],70.78,Cancelled,2026-01-13 09:48:39,2026-02-08 19:14:24,Unpaid
f145f159-6175-4da8-828f-f087c183e09d,Karen Santos,Warren-Johnson,"208 Pamela Island
Jennifermouth, CA 33858","['Steak', 'Fried Chicken', 'Salad']",86.4,Pending,2026-01-02 07:34:13,2026-02-24 09:35:43,Unpaid
3d4ad2eb-414a-4358-9457-702d76639761,Lawrence Smith,"Hernandez, Wagner and Charles","85643 Christopher Row
Anthonyfurt, FM 84950","['Steak', 'Soup', 'Salad']",81.4,Pending,2026-02-22 01:23:55,2026-01-22 14:53:50,Unpaid
180e2f51-2723-4265-abf6-9572b3e66090,Deanna Carlson,Robinson and Sons,"5837 Cooper Drives Apt. 056
New Jeremychester, VA 53092",['Salad'],15.77,Cancelled,2026-01-19 02:43:41,2026-02-04 12:40:03,Refunded
321f5d8a-3350-4005-b706-1b5f49e16f92,Joseph Smith,Larson LLC,"104 Thomas Unions Apt. 660
West Scottfurt, NM 84640","['Pizza', 'Tacos', 'Sushi', 'Salad']",31.46,Pending,2026-02-17 02:55:33,2026-02-28 08:14:31,Paid
d20d2e7a-3af2-4200-9ddd-1e11b29201dc,Jennifer Blanchard,Richard and Sons,"7846 Adkins Springs Apt. 750
West Lindamouth, HI 79112","['Sandwich', 'Sushi', 'Fried Chicken', 'Steak']",42.87,Pending,2026-02-25 06:18:04,2026-02-08 12:30:00,Unpaid
d674cc68-7627-41aa-8844-5648069ad1c2,James Thomas,Le Inc,"847 David Mountains Suite 153
New Philipstad, WV 35557",['Pasta'],19.69,Cancelled,2026-01-04 20:36:31,2026-02-11 11:46:37,Refunded
ce0b4a2b-b494-4cb3-8273-dae30ba6338c,Jeff Williams,"Schultz, Wilson and Harper","993 Mason Mountains Apt. 919
Robinsonmouth, OR 39716","['Salad', 'Sushi', 'Pasta']",39.2,Cancelled,2026-01-02 08:50:25,2026-02-12 05:02:44,Refunded
23062132-5822-4e7a-8881-8def364ed9dd,Nicholas Russell,Brown-Peters,"7265 Phillips Pines Apt. 492
Andersonfurt, IL 05431",['Salad'],87.08,Delivered,2026-03-02 02:02:55,2026-01-16 08:52:25,Paid
06d0ae8b-191f-47fa-b713-4b4ef3d7db81,Mark Newton,"Page, Moore and Ray","022 Alyssa Streets Apt. 743
Johnport, FL 13252",['Tacos'],17.08,Cancelled,2026-01-18 22:47:39,2026-01-14 17:26:57,Refunded
020751bf-110e-4994-a1fd-910304a32d73,Yvonne Moore,"Wright, Frey and Atkins","2329 Campos Route
Lake Nicholas, MD 73864","['Sushi', 'Sandwich']",70.77,Cancelled,2026-01-18 04:09:01,2026-02-06 17:09:37,Unpaid
07c7dbdf-b36b-4b28-bc9d-94121ec76531,Krista Henson,Turner-Schmidt,"44080 Amy Tunnel
North Scottview, MO 43969","['Pasta', 'Pizza']",63.06,Cancelled,2026-02-17 08:12:22,2026-02-20 03:41:38,Unpaid
313ff358-6f8e-46ed-8fb1-2399c8249353,Kimberly Cole,"Blair, Davis and Figueroa","476 Derrick Unions Apt. 783
Juliatown, UT 25206",['Salad'],34.82,Cancelled,2026-01-03 13:57:48,2026-01-21 03:54:31,Paid
aa9b17f4-cfc2-493c-a78f-e6fb7f6ca1ca,Miguel Carter,"Perry, Curry and Morgan","58917 Veronica Knoll
Sophiafort, SC 07865","['Sandwich', 'Soup']",36.02,Delivered,2026-02-12 07:09:50,2026-01-04 10:37:59,Refunded
54b3d4f5-d554-4ac4-9e4a-a33f43d8fc15,Scott Washington,Rios-Pierce,"5148 Jones Mill Suite 307
East Patricia, VT 27471","['Pizza', 'Fried Chicken']",95.47,Delivered,2026-01-02 11:35:45,2026-01-21 18:12:25,Refunded
e776dcc5-4c9a-4cd9-86e9-57fa04fefa50,Jennifer Bullock,Deleon-Cox,"1412 Olivia Street Apt. 343
Moniquestad, MD 99907","['Salad', 'Steak', 'Tacos', 'Fried Chicken']",63.34,Cancelled,2026-01-18 16:16:24,2026-02-02 15:03:19,Refunded
617148f3-a6a6-423d-b0b5-f59ee5c5d332,Daniel Garcia,"Allison, Hale and Martinez","99556 Kevin Coves
North Wendyton, PR 29924","['Sushi', 'Fried Chicken']",22.94,Delivered,2026-02-11 15:49:01,2026-02-19 11:12:47,Paid
a02a1d56-d673-4226-a7ae-bea82a3b7fa7,Cameron White,Joyce and Sons,"7736 Huang Station Suite 927
Port Ryanshire, NC 87264","['Steak', 'Soup']",71.75,Delivered,2026-02-26 05:53:31,2026-02-02 05:12:13,Refunded
19dda1e0-bb7c-42c9-8a7c-63bd1b5a6c47,Emily Johnson,Johnson Inc,"88271 Sheena Row Apt. 130
Henrymouth, FM 05251",['Steak'],98.64,Delivered,2026-02-04 21:32:09,2026-01-02 17:39:32,Refunded
ff46dbff-9e1b-4557-92cd-914158e9dd03,Gabrielle Lamb,Lang and Sons,"36273 Simpson Flat
North Nathanielview, FL 99912","['Fried Chicken', 'Pizza', 'Sandwich']",65.81,Delivered,2026-01-24 23:29:15,2026-02-23 17:05:10,Refunded
20449e20-0085-4ef3-bc06-2d356aa0c1b9,Todd Morales,Bates Inc,"345 Richards Turnpike
South Jill, WA 02256",['Burger'],71.1,Delivered,2026-01-28 09:33:04,2026-02-13 16:13:09,Paid
66f3215e-35db-490a-83d1-e3d7ffc7cae1,Elizabeth Villanueva,Giles Inc,"711 Brandon Stravenue
South Glendaborough, CA 47980",['Soup'],30.77,Cancelled,2026-02-01 13:59:17,2026-02-05 22:03:09,Unpaid
88a4027d-90a4-4eed-aff0-0737badf2e75,Sarah Mcintosh,"Vincent, Williams and Fletcher","4055 Julie Pass Suite 751
South Rhondaland, HI 87470",['Steak'],48.01,Cancelled,2026-01-22 17:18:37,2026-02-09 04:04:18,Unpaid
89e9bfee-51d2-4b53-843f-53cf5871757a,Michelle Williams,Fisher Inc,"67233 Veronica Club Suite 648
Wrightstad, PA 57254","['Pizza', 'Steak', 'Pasta', 'Sandwich']",92.41,Delivered,2026-02-26 15:02:53,2026-01-28 08:26:03,Unpaid
e03754ef-dab7-4973-b71f-dab1bd2af8e3,Rodney Compton,Cain-Brown,"7599 Williams Green
New Lynn, KY 06561","['Tacos', 'Salad', 'Fried Chicken']",72.46,Cancelled,2026-01-31 09:21:13,2026-01-06 08:58:24,Paid
24670b85-fe62-4576-8cb3-b754b3cd5add,Molly Morse,"Jenkins, Rocha and Martinez","6594 Alvarado Coves
North Vanessachester, FM 47771","['Sushi', 'Pizza', 'Pasta']",89.03,Delivered,2026-01-23 17:21:17,2026-02-28 08:22:32,Unpaid
b2eab463-4538-4699-b731-2b8ec8a88905,Mrs. Andrea Holden MD,"Diaz, Alexander and Cannon","58498 Robert Meadows
Hinesfort, UT 46960","['Pizza', 'Pasta', 'Salad', 'Steak']",17.39,Delivered,2026-02-10 03:30:09,2026-01-09 12:19:36,Unpaid
d004d2b3-f969-4783-9b02-1c015c922902,David Mills,"Vargas, Clark and Long","6735 Lauren Field
Lake Patrickfort, PR 21076","['Soup', 'Pizza', 'Steak']",20.92,Pending,2026-01-31 10:13:36,2026-02-13 00:40:07,Unpaid
1c0ad9c3-02c5-4c5e-9901-59751fc03087,Kimberly Mcintyre,"Ramirez, Gallegos and Jackson","5287 Jay Square
Michaelstad, NY 24912","['Steak', 'Tacos', 'Sandwich']",78.48,Pending,2026-01-20 08:26:03,2026-01-22 06:49:01,Refunded
42784c4e-d96e-442b-9b1c-9bebabf6e2fb,Kevin Daugherty,"Martinez, Crawford and Romero","738 Veronica Pines Suite 728
Brownville, RI 38327","['Sandwich', 'Salad', 'Soup', 'Pasta']",97.53,Delivered,2026-01-27 03:29:28,2026-01-21 22:50:36,Refunded
fb49beb9-d0a9-4ab7-bf29-2befdfc3b43a,Maria Clark,"Hodges, Beck and Erickson","887 Matthew Parkway
Perezberg, CO 99482",['Steak'],62.28,Cancelled,2026-02-19 13:38:36,2026-01-21 10:27:00,Refunded
09ef0061-a520-4207-b17b-9b5f3dc3fc49,Adam Cortez,Williams-Pena,"90129 Jessica Knoll Apt. 861
North Lukeport, RI 15829","['Fried Chicken', 'Sandwich', 'Soup']",86.17,Pending,2026-02-08 07:53:26,2026-03-01 17:37:10,Unpaid
b8befeb3-3108-4e5f-9f4e-88dfb11cbf10,Kristy Bernard,"Turner, Hamilton and Underwood","1536 Shah Brooks
Garyton, OK 34876","['Fried Chicken', 'Sandwich']",18.29,Pending,2026-02-25 21:06:12,2026-01-31 02:12:49,Refunded
63768a16-361b-4fa8-ae43-b4b79ce39384,Roger Gonzales,Moss-Solomon,"856 Francisco Spur
West Kevin, WV 86190","['Sandwich', 'Fried Chicken', 'Pizza', 'Steak']",70.21,Cancelled,2026-01-13 03:02:19,2026-01-26 15:30:05,Unpaid
11e7bf14-128d-4892-b65b-36adad5ee5d5,Mark Miller,"Cummings, Jones and Foster","92978 Erin Meadows
Port Austinport, ID 15706","['Soup', 'Fried Chicken', 'Sandwich']",92.26,Delivered,2026-01-15 07:23:27,2026-01-15 01:17:17,Refunded
5cdaef66-12cc-403a-89a5-75edbc7dc080,Jennifer Cochran,Moran Inc,"3316 Hart Gardens
Port David, MI 37625","['Tacos', 'Burger']",21.13,Pending,2026-01-10 12:42:44,2026-02-06 22:16:00,Refunded
e739c10f-69ab-4bad-9b98-582dee9c1c86,Justin Mckay,"Rodriguez, Garcia and Adams","81124 Christopher Pike
West Erika, HI 94006","['Pizza', 'Soup', 'Pasta']",54.98,Pending,2026-01-31 05:17:29,2026-02-25 02:33:30,Paid
8677ed12-e765-42dc-8c25-a05192af033d,Mr. Thomas Goodwin,Caldwell Inc,"223 Christopher Common Apt. 668
New Jamesberg, MA 13560",['Sushi'],41.9,Cancelled,2026-01-14 17:33:55,2026-01-10 14:59:00,Refunded
dc3a0aea-5837-42ed-9f9a-e917d4518bb1,Nichole Edwards,"Ryan, Wallace and Morales","1203 Thomas Trail Suite 466
Bryanton, GU 54095","['Sushi', 'Sandwich', 'Pizza']",82.24,Pending,2026-02-27 11:24:51,2026-02-01 09:55:49,Paid
6c0ab458-30c7-4136-a290-9a57495a96e0,Donald Davis,Preston and Sons,"56567 Torres Plains
Lake Peterhaven, IN 09753",['Tacos'],50.19,Delivered,2026-02-01 16:36:37,2026-02-26 08:42:15,Unpaid
b3b4bab9-281e-44c5-a31c-ad354d2b8d13,Kathy Moss,Kennedy-Santiago,"39328 Nancy Ridge Suite 089
East Walterbury, AK 49262",['Tacos'],72.51,Cancelled,2026-01-04 18:22:03,2026-01-29 09:54:37,Refunded
863ad8a9-f26f-4d90-9ab2-691ab2e3ec2a,Timothy Thomas,Richmond PLC,"84042 Alex Route
Brownburgh, WA 58506","['Burger', 'Soup', 'Sandwich', 'Sushi']",95.81,Delivered,2026-01-24 09:37:27,2026-01-02 03:13:19,Unpaid
5f1e4e16-45d6-46b7-a04d-296d301c46d7,Tommy Johnson,Taylor Group,"1759 Donald Hollow
Paulstad, MO 84252","['Salad', 'Sushi', 'Steak']",28.76,Pending,2026-02-20 07:54:09,2026-01-23 22:47:53,Unpaid
4a217bf6-37a3-4a35-a60e-30d1ba4b0c48,Mariah Cruz,Becker and Sons,"941 Lynn Mountains Apt. 681
Diazside, SD 23424","['Soup', 'Sandwich', 'Salad', 'Steak']",50.77,Delivered,2026-02-12 20:44:36,2026-02-06 11:48:06,Refunded
17f046d5-79f2-4fef-bc79-ae4e83bc74a8,Steven Grant,Sanders-Bennett,"84778 Nicole Island Apt. 042
New James, KS 47384","['Sandwich', 'Salad', 'Sushi']",20.32,Delivered,2026-01-26 06:25:31,2026-01-03 19:15:10,Refunded
3dd44462-af20-4ff9-acd6-ae67eeaab7c6,Veronica Martin,Freeman PLC,"44492 Alexis Ville
Washingtontown, GA 57225","['Sushi', 'Burger', 'Pizza']",73,Pending,2026-01-12 23:00:26,2026-01-13 22:56:46,Unpaid
add5800d-53da-4b5b-88f7-33d3c2dbc02c,Tamara Cruz,"Shah, Johnson and Calderon","9507 Ruben Burgs Suite 402
Coopermouth, RI 12503","['Steak', 'Tacos', 'Salad']",79.09,Cancelled,2026-01-01 12:14:51,2026-01-24 22:35:50,Refunded
700e8a52-f456-472e-ba57-5e154860d5a7,Michael Santos,"Maxwell, Grimes and Sutton","28973 Bruce Station
Port Donald, NM 11471","['Pasta', 'Steak', 'Burger', 'Fried Chicken']",80.47,Cancelled,2026-01-15 22:29:26,2026-01-19 07:04:47,Paid
77ce2b6c-6b1e-4aed-bb2f-fedca4f0ec05,Brittany Mcmahon,Gilmore LLC,"Unit 6310 Box 7415
DPO AA 76820","['Soup', 'Pizza']",43.54,Pending,2026-02-24 08:58:39,2026-02-01 06:39:26,Unpaid
5c02bd17-6e3f-4d6d-ab83-63cfc8e5e4b3,Nicholas Palmer,Armstrong PLC,"51910 Cummings River
Donaldsonside, WY 43445","['Tacos', 'Pasta', 'Burger', 'Sushi']",75.55,Pending,2026-02-17 19:30:45,2026-02-13 16:03:49,Refunded
412c289e-33e2-4a43-a11d-2f74d577a71b,Taylor Jackson,"Bruce, Benjamin and Reynolds","7167 Gay Prairie
Joshuafort, DC 71567","['Fried Chicken', 'Sushi', 'Burger']",58.32,Pending,2026-02-21 01:25:31,2026-02-16 17:50:32,Refunded
ce2c484e-3322-43d8-845e-25612ec37b8c,Benjamin Greene,Parsons-Wong,"85109 Hall Branch
New Oscar, TX 94305",['Burger'],58.63,Delivered,2026-02-10 14:39:36,2026-01-23 21:37:21,Paid
870c8177-fe12-41f0-8e94-8ce8cbaea8e9,Brittany Warner,"Watson, Cummings and Gilmore","4214 Lauren Ranch
South Cynthiachester, OH 65117","['Fried Chicken', 'Sushi', 'Pizza']",15.27,Delivered,2026-01-20 11:27:39,2026-01-31 10:20:23,Refunded
3448d37b-3c1b-4d87-9534-a3c5bfad68c3,Jason Banks DVM,"Navarro, Wallace and Davis","3442 Scott Stravenue
Millerchester, MD 54148","['Pizza', 'Pasta']",29.84,Delivered,2026-01-16 07:12:27,2026-02-16 19:41:29,Unpaid
f06087af-4d69-4397-a2b4-34a5b5ff0a11,George White,Lewis LLC,"USNS Stokes
FPO AA 14637","['Salad', 'Sandwich', 'Sushi', 'Tacos']",71.32,Pending,2026-02-13 15:22:55,2026-02-10 15:45:03,Refunded
ea38e0cf-9631-49dd-8242-8a016b3e3023,Benjamin Lopez,Townsend-Marshall,"123 Katie Isle Suite 050
North Wendy, FL 04770","['Soup', 'Steak']",94.94,Delivered,2026-02-06 00:29:49,2026-02-07 23:05:51,Paid
13228ad0-75f1-402e-a1c3-b8f651ab38af,Kaitlyn King,Lopez-Castillo,"70816 Morris Bypass Suite 426
South Sandra, IN 76607","['Fried Chicken', 'Sushi', 'Tacos', 'Salad']",36.52,Pending,2026-01-07 05:22:17,2026-01-24 00:38:25,Refunded
596a63a1-2aee-4d85-b9e4-c8bf8c8412d7,Wayne Wallace,Daniels Ltd,"79290 Jessica Turnpike Suite 289
Blackwellport, TN 86953","['Salad', 'Fried Chicken']",58.92,Delivered,2026-01-25 14:04:01,2026-02-10 01:40:01,Unpaid
091dab43-b92e-48bc-b487-6378f31c9dac,Tracy Hogan,"Owens, Webb and Frazier","820 Charles Walks Suite 884
South Ryan, MS 81429","['Pasta', 'Tacos', 'Pizza', 'Sushi']",53.64,Cancelled,2026-02-07 01:50:58,2026-01-27 12:28:43,Paid
edcb1f06-214e-4bdf-bd4a-71b0a567a321,Alec Adams,Curry-Morgan,"518 Garcia Plains Suite 659
Ernestshire, NJ 90729","['Steak', 'Tacos', 'Pizza', 'Pasta']",53.5,Delivered,2026-01-13 17:35:55,2026-02-13 13:02:23,Unpaid
cbf314cd-67d1-48bf-8e5d-5a17085d0df3,Melissa Thompson,Lawson-Cook,"56263 Harris Ranch
Cannonborough, WA 48995","['Fried Chicken', 'Tacos']",18.25,Pending,2026-01-01 18:22:42,2026-01-08 15:14:09,Refunded
18e7a73d-d4bb-4ad7-bb50-890cc178a9fb,Brian Hernandez,Bell-Hunt,"359 Dale Alley
Danielleland, MO 40283","['Sandwich', 'Burger', 'Sushi', 'Pizza']",89.06,Cancelled,2026-02-07 01:47:41,2026-02-25 09:49:34,Refunded
3b68d27f-96f7-4b80-93a9-ab416701df84,Angelica Davis,"Aguilar, Johnson and Mccormick","1934 Sparks Walks
West Dorothymouth, MO 63891",['Fried Chicken'],47.2,Pending,2026-03-02 12:53:22,2026-01-07 17:16:50,Paid
a643d263-e25f-4774-8d0d-05bf7e4220b0,Tara Bowman,Sellers-Burgess,"199 Marc Trace Suite 035
Annaborough, IL 46158",['Steak'],98.28,Delivered,2026-02-09 04:02:34,2026-01-04 06:13:01,Unpaid
19e03e5b-f7c3-4037-90bb-96bb11945702,Christian Moore III,"Patel, Frazier and Neal","463 Darius Port Suite 302
Port Andrew, FL 40034",['Salad'],23.22,Delivered,2026-01-06 23:08:27,2026-01-18 20:06:46,Paid
0307f9ac-1ce5-4709-b9a1-3e0a72f6d7df,Kenneth Howard,"Wade, Wilson and Turner","2584 Harmon Keys
New Carlbury, NM 41961",['Salad'],18.45,Delivered,2026-02-16 15:24:08,2026-01-23 06:05:28,Refunded
a93506d8-e347-46cd-bcf7-fa59d289f78d,Kristina Willis,Johnson PLC,"725 Fischer Pines Apt. 493
South Markshire, NY 52137","['Steak', 'Soup']",88.21,Delivered,2026-02-12 21:40:46,2026-02-02 16:27:14,Refunded
ff211257-b1ad-4fb7-80d8-16948f768aff,Briana Williams,Hernandez-Hill,"37953 Lane Ramp
Washingtonport, GU 50742","['Sushi', 'Steak', 'Soup']",66.19,Delivered,2026-02-14 05:06:14,2026-01-13 11:06:25,Refunded
30d659da-253d-4698-8906-bec13b905df0,Amanda Williams,Haas-Cain,"29159 Kelli Cape
West Jayland, HI 80624","['Sandwich', 'Tacos', 'Burger', 'Steak']",96.98,Cancelled,2026-03-01 16:31:07,2026-02-22 21:36:44,Paid
5846dc06-3761-4268-800c-12511dabd96c,Scott Dodson,Phelps LLC,"0635 Benson Junction
West Mistytown, MA 67433",['Sandwich'],52.18,Delivered,2026-02-07 22:18:37,2026-02-19 18:13:18,Paid
99128703-95b9-47e3-bae8-e3d0e19adfc9,Daniel Mcdonald,"Winters, Nelson and Cruz","USCGC Weaver
FPO AP 30856","['Salad', 'Sushi', 'Fried Chicken', 'Steak']",75.22,Pending,2026-02-08 00:10:08,2026-01-16 10:59:42,Unpaid
01f4ef7d-2dc1-41d6-b2cf-bfcf670c0814,Scott Martin,"Miller, Miller and Hunt","76243 Jimenez Via Apt. 267
South Kimberlymouth, VT 63567",['Fried Chicken'],27.04,Delivered,2026-01-18 03:30:24,2026-01-07 12:11:01,Paid
de84fa76-7d16-4918-baf6-f53bda32cc1c,Steven Hess,"Huynh, Riley and Miller","729 Jasmine Centers
West Valeriechester, ND 52040","['Salad', 'Tacos', 'Burger', 'Pizza']",20.44,Delivered,2026-01-29 19:13:47,2026-02-02 11:40:31,Paid
74b9c611-52ac-4cfa-9176-25b6c822ff8b,David Davidson,"Krueger, Meadows and Price","USCGC Bowen
FPO AE 57375",['Steak'],93.14,Delivered,2026-01-27 21:52:29,2026-01-08 07:02:23,Paid
160d88d6-d68a-4fdc-81eb-6b5472a87467,Lisa Frank,"Gay, Mathis and King","45232 Gonzales Ramp Suite 829
South Teresa, NV 45864","['Tacos', 'Soup', 'Sandwich']",87.95,Cancelled,2026-01-16 03:47:41,2026-02-19 06:57:05,Paid
53e0c8b2-ecbd-4d35-b607-b6ff83d6fcb9,Erik Hamilton,Martin-Adams,"306 Banks Camp Apt. 705
Angelatown, VI 06002",['Sushi'],69.97,Cancelled,2026-01-25 11:01:35,2026-02-09 02:43:54,Paid
77446f34-50c3-47f4-82c9-69ef61071a63,Adriana Abbott,Rivera LLC,"928 Brown Shoal Apt. 571
Judyview, KS 51135","['Steak', 'Sushi', 'Sandwich', 'Salad']",73.35,Cancelled,2026-03-01 00:00:02,2026-02-18 21:43:48,Refunded
aea3dbce-8635-46cf-8785-aaa462ef1a8b,Megan Prince,Jennings LLC,"3487 Thomas Views Suite 709
Sarahtown, MS 60167","['Pasta', 'Salad', 'Sushi', 'Fried Chicken']",60.3,Pending,2026-02-07 00:55:19,2026-02-05 23:44:03,Refunded
fec4e977-46e5-4a00-850b-cb43a8ac1317,Jesse Smith,"Gray, Barrett and Myers","776 Smith Lake
Cynthiaburgh, WI 38292",['Soup'],77.63,Delivered,2026-01-16 06:49:58,2026-01-28 12:50:22,Refunded
19839a32-a21c-4ae6-8d9c-49dc52b61848,Taylor Rich,"Kelley, Rodriguez and Gonzales","6359 Lauren Square Apt. 275
New Gary, WA 59651","['Fried Chicken', 'Steak', 'Soup', 'Sandwich']",55.07,Delivered,2026-01-25 07:03:37,2026-02-23 15:18:48,Refunded
40baba73-63c4-465c-adb8-89f6a32ae1c1,Sierra Hahn,Simpson Ltd,"4144 Laura Prairie Suite 652
Nicholstown, MA 93851",['Salad'],31.89,Delivered,2026-01-12 19:16:55,2026-02-11 11:31:00,Unpaid
cd1c3080-35d9-4207-a7cc-f55248421434,Marissa Hood,Merritt Ltd,"24464 Williams Meadow
Karentown, FL 56113",['Fried Chicken'],61.24,Cancelled,2026-02-16 23:47:14,2026-01-20 20:41:18,Paid
af8a25d6-2e98-4616-8707-8681442fd22b,Kristi Humphrey,"Knight, Allen and Oliver","PSC 3823, Box 2065
APO AP 00993","['Salad', 'Soup', 'Pasta']",54.44,Cancelled,2026-02-02 05:44:02,2026-01-10 08:49:10,Paid
46498312-ece4-42bb-8777-897e3283ef72,Michael Rhodes,"Preston, Stanley and Neal","9679 Ashley Coves Apt. 763
Port Michael, VA 91544","['Steak', 'Burger', 'Pasta']",18.92,Delivered,2026-02-21 02:55:41,2026-02-28 17:16:45,Paid
37b9102d-6820-49d5-8aa2-398ab4f71327,Ian Terry,Fowler-Long,"USNV Strong
FPO AE 86473","['Salad', 'Tacos']",57.31,Cancelled,2026-02-22 04:41:59,2026-01-10 00:56:57,Refunded
0651ca27-ebe5-4241-a31b-89384956c333,Jillian Weaver,Crawford LLC,"34270 Rogers Street Apt. 989
South Michael, ND 85054","['Tacos', 'Sandwich', 'Fried Chicken']",53.06,Pending,2026-02-12 11:34:55,2026-01-26 16:43:21,Unpaid
70abe674-3bd5-46c8-897c-07da95c4ffe7,Alan Schroeder,Kennedy PLC,"4099 Robinson Flat Apt. 307
West Jennifer, GA 70707","['Fried Chicken', 'Sandwich', 'Salad', 'Pasta']",16.9,Pending,2026-01-17 22:51:29,2026-02-28 08:25:27,Paid
e1168807-bd03-4710-8476-9ef26ec99e78,Jose Davis,Kemp-Moreno,"91082 Sanchez Harbor
Port Sarahmouth, KY 77152","['Tacos', 'Pasta']",56.1,Pending,2026-01-09 07:13:26,2026-01-24 13:03:17,Unpaid
e2947868-bc6c-4db2-9caf-9588bf666eb9,Christina Bryant,"Perry, Sanders and Gibson","596 Natasha Corner
Port Daniellestad, ND 33656",['Salad'],16.18,Delivered,2026-02-07 13:29:11,2026-02-05 04:08:43,Refunded
f4390290-a1e7-4dde-b9ec-ff9336411a1b,William Figueroa,Villarreal and Sons,"USCGC Barrera
FPO AA 04028","['Sushi', 'Tacos', 'Fried Chicken']",40.56,Pending,2026-01-21 01:17:31,2026-01-24 09:23:03,Paid
45f6d71a-844c-444e-92bc-3615a4a4b729,Frederick Williams,Jenkins-Brooks,"297 Holly Expressway
South Vincent, OH 23178","['Steak', 'Pizza', 'Soup', 'Sandwich']",20.75,Cancelled,2026-02-15 00:01:49,2026-02-01 16:19:41,Paid
c9763885-8e2f-4ccd-ada5-015098606da8,Derrick Crawford,"Hudson, Martin and Butler","06829 Nathaniel Summit Suite 348
Jimenezmouth, OK 11243","['Tacos', 'Burger']",15.01,Cancelled,2026-01-18 08:48:08,2026-02-02 09:18:35,Refunded
3866a048-e10f-40df-8b86-9568c375564c,Denise Montes,Francis PLC,"17897 Elizabeth Cliffs
Martinfurt, MD 68221","['Sushi', 'Pasta', 'Steak', 'Tacos']",51.08,Pending,2026-01-01 23:47:49,2026-02-13 06:35:29,Unpaid
eeec1a1d-b23f-4cd8-8d86-c74fcca73912,Lori Hernandez,Hall Ltd,"0071 Ramos Inlet
South Josephview, LA 72944","['Sushi', 'Soup', 'Pasta']",99.59,Cancelled,2026-01-03 08:23:41,2026-02-20 05:29:46,Unpaid
528f3be1-30b9-48e6-a7ae-96f87cd51f52,Traci Chambers,Taylor Ltd,"USCGC Gonzalez
FPO AP 65288","['Pasta', 'Soup']",65.73,Cancelled,2026-02-08 21:25:41,2026-02-04 07:26:37,Paid
1c81a592-fa40-4dc4-8b2d-e86693afc2e9,Bradley Beck,"Roberts, Johnson and Phelps","98513 Christina Burgs
New Aaron, PW 09593","['Tacos', 'Sandwich']",95.99,Pending,2026-02-01 13:54:41,2026-02-09 01:18:49,Paid
482c51ba-5453-4f1d-ab0a-022083d60276,Katelyn Kramer,Richards-Jennings,"778 Huffman Isle
Morafort, AK 44016","['Tacos', 'Burger']",43.65,Cancelled,2026-01-02 14:15:40,2026-02-27 01:35:57,Unpaid
98f0a5aa-62ad-4997-8289-9858d55a9c69,Steven Mitchell,Anderson LLC,"48194 Emily Club
South Scott, AS 54280","['Sushi', 'Soup']",45.59,Cancelled,2026-02-06 13:55:55,2026-01-17 08:13:28,Refunded
676b797a-1227-4470-80d7-8e6fbd870472,James Hammond,"Barnes, Robinson and Sutton","32842 Daniel Forges
Kathyshire, MP 12459",['Burger'],24.54,Cancelled,2026-01-14 09:58:34,2026-02-20 04:17:19,Refunded
f0997819-e8b8-4293-b3e1-4b19f8673084,Brandi Estrada,Flores Ltd,"384 Michael Islands Apt. 971
Christopherport, PW 15206","['Tacos', 'Sandwich', 'Fried Chicken']",82.77,Cancelled,2026-01-06 05:14:25,2026-02-07 10:53:14,Unpaid
0f40ea49-6223-438f-be81-d813299730f6,Eric Patterson,Mcneil Group,"7911 Chavez Forks Suite 591
East Shirleyside, NJ 45619",['Burger'],95.6,Pending,2026-02-08 22:57:03,2026-02-13 21:32:43,Unpaid
4e22d4b0-eb95-45d3-9926-9c9f68379f06,Michaela Boyd,"Estrada, Velazquez and Shelton","604 Chavez Dam
Port Emmastad, ND 57108","['Steak', 'Fried Chicken']",69.83,Delivered,2026-01-05 23:07:36,2026-01-12 02:51:53,Refunded
eb9889d1-c02b-45b2-aa13-ffb0bfcf2410,Mary Olson,Hernandez LLC,"5264 Long Run
Lake Jacob, WY 74500","['Sandwich', 'Burger']",78.48,Cancelled,2026-01-01 18:26:14,2026-01-26 01:58:30,Paid
39da6ff6-af1c-4ab1-9ec2-c60b015c46a5,Amanda Stewart,"Gibson, Long and Munoz","PSC 9957, Box 3381
APO AA 76245","['Soup', 'Pizza', 'Tacos']",49.71,Cancelled,2026-02-17 11:12:32,2026-02-27 06:27:16,Refunded
f676d299-0944-49f8-84a7-0fe6326529ed,Tracy Hall,Cain Inc,"7657 Wang Harbors
South Cathymouth, IA 67662","['Tacos', 'Sandwich', 'Salad']",35.34,Cancelled,2026-01-18 06:44:33,2026-02-10 00:20:58,Paid
70f65176-d3d0-42ea-844a-6c6861d48390,Tony Evans,Olson-Lee,"08277 Price Courts
Port Jessica, ND 97914",['Pizza'],23.84,Cancelled,2026-01-01 09:10:33,2026-02-20 07:06:40,Unpaid
de351c67-e1a6-4116-9756-36064570290e,Jay Stanley,Mathis-Hill,"99305 Hannah Fork
Michaeltown, WV 78230","['Tacos', 'Salad', 'Burger']",86.63,Cancelled,2026-01-27 23:39:37,2026-02-12 07:32:47,Refunded
b3122e4f-12bc-410a-8570-eccfbd61aa17,Sean Anderson,"Carroll, Murphy and Garcia","2215 Raymond Court
Josephview, HI 65260",['Tacos'],72.36,Pending,2026-01-24 18:29:59,2026-01-26 06:44:11,Unpaid
471afad1-4d45-42c5-a342-770657e57654,Catherine Johnson,Turner-Atkinson,"758 Anna Isle
North Phillipside, MI 10440",['Steak'],46.85,Cancelled,2026-01-24 15:23:02,2026-02-25 23:18:20,Refunded
a0edb827-8b38-4e3d-8c69-6bb89890bdb7,Michael Hodges,Kirk LLC,"443 Crawford Mountain Suite 232
New Melindaberg, TN 39998","['Soup', 'Salad', 'Fried Chicken']",52.78,Cancelled,2026-01-24 10:29:51,2026-01-18 17:47:24,Paid
fb5c2940-0f4a-44c8-8f11-31a4d521c733,Stephen Burch,Brown-Mitchell,"63691 Anderson Prairie Suite 151
West Dennis, GA 61702","['Fried Chicken', 'Burger', 'Sandwich']",93.4,Pending,2026-02-20 20:03:38,2026-01-14 02:08:12,Paid
1fa68729-4d28-4e71-b510-3f5554e1dba2,Ryan Solomon,Wood-Cline,"08326 Laura Way Suite 197
West Jamesstad, PR 74659",['Sushi'],51.85,Pending,2026-02-06 10:07:25,2026-02-28 10:01:22,Paid
a11c97d3-aa11-4061-8883-c6b22b58bdf4,Stacie Booth,"Walker, Hart and Hardy","2339 Martin Spurs
Hernandezmouth, MT 12544","['Pasta', 'Pizza']",16.08,Cancelled,2026-02-01 04:58:13,2026-01-16 15:26:46,Unpaid
2f95c282-2fb5-4a2b-bc6c-cf1c70f474ef,Deborah Harris,Williams-Stafford,"519 Amy Vista Suite 579
East Aimee, IL 72302",['Fried Chicken'],22.37,Delivered,2026-02-14 00:29:08,2026-02-01 02:07:03,Paid
835d9b31-6b96-4ff0-8dfa-2eeaf69cec8d,James Weber,Morgan LLC,"039 Gonzalez Neck
Linstad, VA 47377","['Pizza', 'Pasta']",42.47,Delivered,2026-02-24 19:19:11,2026-01-09 09:46:53,Unpaid
160f8fca-a9ed-47df-9ae9-7c0843d8d606,Jennifer Hogan,"Cohen, Griffin and Atkins","03508 Louis Ville
North Timothy, CO 75238","['Pizza', 'Sushi', 'Salad']",80.57,Cancelled,2026-01-16 08:58:36,2026-01-27 12:55:08,Refunded
9f5d0a43-6da0-4731-bb4c-ec1b3d9674f9,Ricky Baker,Chase-Elliott,"69954 Bryan View
New David, FM 97192","['Salad', 'Pasta', 'Fried Chicken', 'Steak']",20.94,Cancelled,2026-02-27 22:52:44,2026-02-25 11:25:32,Unpaid
df7f0581-f7b7-4a2d-a9a6-9bccb19a3ce2,Richard Morris,Webb Group,"9017 Wolf Street Apt. 539
New Michaelland, PW 89090","['Burger', 'Fried Chicken', 'Salad']",99.38,Cancelled,2026-01-05 14:35:01,2026-01-28 18:11:41,Unpaid
eebf146f-b364-4205-b1e9-86061197e5d6,Michael Reid,Hansen-Hill,"10968 Sarah Viaduct
North Kristinashire, FM 87598",['Tacos'],62.27,Pending,2026-01-18 02:47:47,2026-01-09 19:00:05,Refunded
8fd4eaf7-77c4-4caa-9114-93f3171ad82b,Danielle Davis DDS,Parker-Hernandez,"829 Clayton Drives
West Shannonburgh, KY 94028",['Sushi'],81.59,Cancelled,2026-01-02 09:30:41,2026-01-29 05:15:50,Refunded
bf86b7cd-8405-4185-838a-82d6edcfbe30,Andrea Ferguson,Lang LLC,"Unit 9765 Box 2365
DPO AA 84932","['Pasta', 'Soup', 'Fried Chicken', 'Tacos']",35.81,Pending,2026-01-07 06:35:46,2026-02-24 06:49:12,Refunded
7f36bf69-2e92-4ff7-86e5-55cded248b36,Anthony Romero,"Haley, Smith and Evans","61720 Nathan Lock Suite 141
Lewisport, AS 85551","['Sandwich', 'Salad', 'Pasta']",86.99,Cancelled,2026-02-26 13:11:55,2026-02-28 00:59:40,Refunded
af00ba30-65c6-47da-bcf6-5c149e41f996,Angela Walters,Giles PLC,"9030 Raymond Walk Suite 687
North Elizabeth, WY 66621","['Tacos', 'Sushi', 'Pasta', 'Pizza']",73.25,Pending,2026-01-20 04:16:42,2026-01-13 12:01:59,Unpaid
e3533df4-b61b-4538-997d-552bace1b2c2,Ivan Kelley,Stone Inc,"98356 Ford Ways
Lake Charlotteland, VT 75792","['Tacos', 'Salad', 'Soup', 'Sandwich']",60.4,Cancelled,2026-02-12 09:10:44,2026-01-26 18:14:42,Unpaid
769372e2-bd13-48d1-939a-68754e63ffa7,Kelly Calderon,Rodriguez-Gonzales,"PSC 8783, Box 4140
APO AE 03425",['Soup'],24.39,Cancelled,2026-02-23 16:40:34,2026-01-24 20:36:52,Paid
4455027f-4e49-4bdc-9bb3-1716c9cd5bb7,Andre Smith,"Santana, Thomas and May","466 Kristen Flats
North Aaron, CA 77511","['Fried Chicken', 'Pasta']",98.56,Delivered,2026-02-03 07:18:36,2026-01-28 22:35:04,Paid
abb438fb-55b0-4544-b9ea-cb8dcb1f4626,Eric Barber,Davidson Inc,"60371 Rosales Garden
Amandaville, PR 33449","['Fried Chicken', 'Pasta']",29.27,Pending,2026-01-23 11:22:12,2026-01-14 04:51:11,Refunded
69ac64cf-910d-4769-a85c-92ad45ae911b,Raymond Evans,"Lopez, Edwards and Moore","47365 Thompson Gardens Suite 433
Emilyburgh, AZ 06234","['Salad', 'Burger', 'Soup']",15.67,Pending,2026-02-26 02:51:24,2026-02-22 10:47:42,Refunded
8a74a724-b2a5-43af-8cd4-221d189552cb,Nicholas Ward,Hutchinson-Rivera,"8879 Cochran Oval
West Jose, IA 69815",['Fried Chicken'],91.49,Delivered,2026-01-11 00:31:41,2026-02-13 10:21:20,Refunded
d35cf7d0-02b9-4f94-bf62-b4ba949ebc27,Jessica Meyer,"Campos, Reyes and Hall","08781 Cindy Loop Apt. 335
Petermouth, WY 64993","['Soup', 'Sushi', 'Tacos', 'Steak']",85.42,Delivered,2026-01-06 13:18:17,2026-02-24 14:06:43,Unpaid
787ee65c-b7a3-4ba9-bc03-70d652cc7069,Cindy Pena,Medina Inc,"24884 Strickland Corner
Beltranview, DC 06347",['Soup'],31.26,Cancelled,2026-01-03 05:03:45,2026-01-11 23:18:02,Unpaid
a3d908e1-8f70-4aae-947c-34c8a734897f,Sarah Brooks,"Griffith, Wells and Tran","8779 Pineda Plains
Nolanfurt, IL 78100","['Burger', 'Salad', 'Pizza', 'Pasta']",95.41,Pending,2026-02-07 23:22:47,2026-01-27 07:15:47,Unpaid
a35caa58-1b75-48ba-acd5-cc29ef947275,Yvette Miller,Ramirez-Berger,"130 Alicia Estate
Port Michelle, NV 79054","['Sushi', 'Pizza']",37.29,Delivered,2026-01-29 00:03:02,2026-01-04 23:07:34,Paid
e0ceed29-d896-496c-a92a-deddccad5352,Mrs. Melanie Sandoval,Morris-Hernandez,"2617 Mia Extension
West Brittney, AZ 80183",['Sandwich'],23.51,Cancelled,2026-02-19 04:55:57,2026-02-17 05:45:33,Paid
27dcba1e-c264-4c9b-b45e-5529c70482ac,Harold Kennedy,Williams Group,"33379 Cynthia Fords Apt. 636
Lake Amandaland, NH 61869","['Sandwich', 'Pizza', 'Pasta', 'Sushi']",77.33,Pending,2026-02-15 19:59:13,2026-01-01 05:38:32,Refunded
e38f27bc-cb7a-42ba-8b34-c8d99c6c55ca,Mr. David Good,"Murphy, Clark and Johnson","4948 Jones Forge
East Aimeechester, MH 53745","['Tacos', 'Sandwich']",81.95,Cancelled,2026-01-05 06:23:55,2026-02-09 20:54:13,Unpaid
5e5e394e-9a35-42d1-955a-9bdef48caf1f,Jose Brown,"Johnson, Vega and Chambers","78553 Marshall Bridge
Hullhaven, WY 53570","['Tacos', 'Burger', 'Sushi', 'Pizza']",18.66,Delivered,2026-02-03 18:19:04,2026-01-06 03:53:55,Refunded
9eaf436e-80e6-4345-a041-a684ae9321c5,Stephanie Clayton,Wood-Garcia,"084 John Motorway
East Cynthia, DC 04285",['Pasta'],21.75,Cancelled,2026-02-09 07:41:21,2026-02-20 12:18:33,Paid
86c42474-ea79-4976-ab83-3e68c4c0a26f,Christopher Gibson,"Turner, Todd and Mullen","USS Kelly
FPO AP 57556",['Sushi'],97.82,Delivered,2026-02-17 16:38:18,2026-02-21 04:00:36,Unpaid
64c044b8-526a-4963-961f-ecd1928b628a,Heather Whitney,Levine-Mata,"9751 Kathryn Island
Lindsayfurt, NC 81991","['Soup', 'Sushi', 'Pasta', 'Burger']",43.36,Pending,2026-02-09 21:19:40,2026-01-14 05:40:55,Paid
12ebadac-c629-482a-b716-485d94bfc6ff,Kimberly Smith,"Hunt, Shaffer and Mora","86382 Gwendolyn Club
Fernandezview, FM 50195",['Pizza'],90.29,Cancelled,2026-02-08 16:23:05,2026-03-01 14:18:43,Refunded
395f2835-8664-458e-97fe-cc6c50c8b4b8,Thomas Joseph,Clay-Hill,"0314 Jose Plaza
Fletcherchester, IN 68377","['Sushi', 'Fried Chicken']",25.78,Delivered,2026-02-16 18:45:50,2026-02-26 14:27:10,Refunded
70f59f05-7101-4ea6-bfb6-bd11e158d9b7,Jacqueline Allen,"Myers, Hill and Smith","2401 Daugherty Ports Apt. 074
New Austin, VA 32079","['Tacos', 'Sushi', 'Salad']",29.47,Pending,2026-02-06 02:03:38,2026-02-24 16:19:11,Refunded
63739609-891d-4e69-9f0f-bcc77b41075e,Heidi King,Mitchell-Hawkins,"3016 Frank Tunnel Suite 555
West Nicholas, NY 79610","['Burger', 'Pasta', 'Steak', 'Tacos']",87.16,Delivered,2026-02-24 05:16:29,2026-01-09 04:32:19,Paid
9915a4dc-5883-47b2-8aa6-8c1db1f5e042,Bradley Singleton,Kidd-Murray,"976 Ray Springs
New Katiehaven, NH 01316","['Steak', 'Burger', 'Fried Chicken', 'Sandwich']",64.28,Pending,2026-01-20 19:34:40,2026-01-11 21:17:35,Paid
e640d5cc-8e4f-4107-b70a-fff7282fc58a,Nicholas Camacho,"Ayers, Bell and Adams","33239 Davis Circles Apt. 588
West Michaelstad, IA 21626","['Steak', 'Soup']",59.3,Cancelled,2026-02-23 22:54:08,2026-02-14 00:08:20,Unpaid
a1b5278b-9d05-43eb-bb04-05ffb0c09add,Holly Weaver,Clarke-Daniels,"10094 Courtney Circles Apt. 181
East Stephaniemouth, WA 15737","['Steak', 'Sandwich']",60.6,Cancelled,2026-01-15 22:44:25,2026-01-08 11:12:00,Paid
6b976a8b-3f8d-4217-95fe-fdd8e88826a3,Monique Smith,"Herrera, Ramirez and Carter","1707 Michael Turnpike Apt. 345
Edwardfort, MA 74810","['Sushi', 'Pasta', 'Sandwich']",91.82,Pending,2026-02-17 01:10:41,2026-01-03 18:54:23,Paid
d1ff7e42-7845-4641-b8f1-e6adaf4e5e17,Brian Gill,"Day, Mills and Lewis","USNV Long
FPO AA 38911","['Burger', 'Pasta', 'Sushi', 'Soup']",29.91,Pending,2026-01-01 14:36:49,2026-02-17 18:18:47,Refunded
f4d24e29-b00b-4652-9ddb-90c8fde5fcf3,Jason Elliott,Levine LLC,"Unit 5620 Box 7906
DPO AA 25855","['Steak', 'Sandwich', 'Salad']",93.18,Pending,2026-01-13 19:46:11,2026-01-02 05:39:57,Unpaid
1628995b-eb70-4778-b662-caeb33023629,James Bailey,Campbell LLC,"6121 Hall Parks Apt. 080
Lake Christopherside, WI 87596",['Tacos'],68.66,Delivered,2026-02-04 21:19:01,2026-01-15 23:45:51,Paid
e8776ad6-8b65-4ca4-a9ff-04ebd1eb63f2,Ann Smith,White-Carter,"71878 Justin Points Suite 381
Allenfort, FL 18309","['Steak', 'Salad']",90.37,Pending,2026-02-24 12:57:03,2026-02-06 09:10:27,Refunded
7a8dff99-34c7-4fc6-a92b-c50826a69dfe,Andrew Robbins,Thompson Ltd,"22367 James Gardens Suite 340
Castroberg, NC 26811","['Pizza', 'Soup', 'Sandwich', 'Sushi']",35.61,Cancelled,2026-02-09 15:43:04,2026-01-06 21:57:23,Paid
4fe1b9c7-cc88-4c94-b3ec-8ab1e6d73d84,Christine Juarez,Owens and Sons,"74864 Elizabeth Ports Apt. 781
North Brian, AK 84346",['Pasta'],73.06,Delivered,2026-03-01 07:22:02,2026-01-19 13:59:13,Paid
414b25df-b395-40cf-881f-5cc766a302c6,Nancy Stone,"Perez, Farrell and Collins","91321 Kaitlyn Circles
Richardland, ID 45314","['Sushi', 'Salad', 'Fried Chicken']",88.84,Delivered,2026-02-20 00:31:32,2026-02-20 09:38:15,Unpaid
f0ff5b9b-0137-42d6-bc95-435446a414e4,Rachel Hernandez,Cross-Hoffman,"24921 Rodriguez Prairie Suite 207
Port Craig, ME 37434","['Fried Chicken', 'Burger', 'Soup']",58.2,Cancelled,2026-02-15 00:07:48,2026-01-23 13:41:34,Paid
c9ce6258-85e7-475d-9e33-784793f4cfe6,Leslie White,"Murray, Clark and Harvey","274 Kevin Row Suite 888
South Mallory, MO 36189","['Pasta', 'Soup', 'Fried Chicken', 'Salad']",78.45,Delivered,2026-01-10 14:48:01,2026-01-01 13:22:39,Paid
d90349f3-832d-4361-bb1d-7bd329e9d1ad,Ross Johnson,Wheeler Group,"938 Jean Ramp Apt. 728
Port James, PA 94068","['Burger', 'Sushi', 'Steak', 'Tacos']",38.58,Pending,2026-01-24 02:48:45,2026-01-11 21:21:17,Paid
ce14b840-c15e-4ad2-8d89-1ed4843f59a5,Melissa Jackson,Warren-Sanchez,"02430 Andrew Brook
North Joel, MS 26319","['Tacos', 'Pizza']",79.71,Cancelled,2026-02-04 09:28:52,2026-02-17 01:58:40,Unpaid
80f00281-9fd1-40aa-b05e-d6c375f268f9,Mrs. Jennifer Phillips,Kim-Brown,"193 Katherine Track
New Joyce, RI 42288","['Pasta', 'Steak', 'Salad', 'Tacos']",76.05,Cancelled,2026-02-09 09:55:48,2026-01-27 09:59:09,Paid
c870a3ed-3995-4692-9041-1776429c3af3,Jose Robinson,Holt-Stephens,"249 Rios Spurs
Brewerbury, AK 46036","['Steak', 'Sandwich', 'Pasta']",79.51,Cancelled,2026-01-17 21:00:55,2026-01-02 15:49:14,Unpaid
9c8c0d15-cf95-461a-8849-8fd4fedf2921,Shannon Clark,Lewis PLC,"048 Kelley Shoal Suite 348
New Allenland, NC 30879","['Pasta', 'Soup']",74.88,Cancelled,2026-01-14 23:37:24,2026-02-19 19:33:40,Unpaid
8468e880-051e-46c7-9802-c239f5d35ca4,George Perry,Ball Inc,"1293 Shannon Garden
Ryanhaven, NH 04047","['Pizza', 'Burger', 'Pasta', 'Soup']",37.94,Delivered,2026-01-03 21:02:55,2026-01-22 10:48:22,Refunded
41b647cd-233f-4e72-915b-c5802561fa04,Kaitlyn Brown,Parker-Ramsey,"60645 Allen Fords
Emmamouth, ME 13696","['Steak', 'Burger']",15.29,Cancelled,2026-01-04 11:07:08,2026-02-07 09:08:40,Unpaid
aa1394fd-1b5f-4354-a02f-cea917b5739a,David Richards,English Inc,"103 Cooper Fort Suite 383
Fisherfurt, MI 29408","['Pizza', 'Burger', 'Tacos', 'Fried Chicken']",99.38,Pending,2026-01-14 05:29:31,2026-01-06 00:29:12,Paid
a7d26ce4-803a-489c-b862-0e96f5d538db,Austin Park,Jenkins PLC,"96144 Rebecca Course
Thomasmouth, AL 02229",['Burger'],42.95,Cancelled,2026-02-02 00:04:14,2026-01-01 03:55:10,Paid
fa80037d-7562-418e-bd58-6769e4045482,Sarah Larsen,Ortiz-Lee,"USS Walsh
FPO AE 25216","['Sandwich', 'Soup', 'Pasta', 'Sushi']",50.37,Cancelled,2026-01-05 03:26:41,2026-02-19 14:59:20,Paid
2f1c9c01-f841-4846-abd0-5f3ef5e4d962,Carl Allen,"Beck, Butler and Carney","293 Marquez Loop
Greenport, ID 81781","['Steak', 'Sushi']",90.69,Delivered,2026-02-17 10:58:31,2026-02-08 19:58:59,Refunded
c5f45086-f165-4c83-8de5-c68cf17da6c2,Lauren Bishop,Andrews-Mann,"41208 Kimberly Lakes Apt. 674
South Jasonstad, NY 21468","['Pasta', 'Salad', 'Fried Chicken', 'Pizza']",38.7,Delivered,2026-02-11 13:23:31,2026-02-25 15:09:24,Refunded
d22710c3-ead8-4b11-9971-c1c1978b6801,Megan Cole,"Lee, Fisher and Duke","133 Todd Rest
South Margarettown, MS 38658","['Fried Chicken', 'Pasta', 'Burger']",52.29,Delivered,2026-01-11 13:16:29,2026-01-04 20:56:44,Refunded
74c86fa3-aa6a-49e7-ab16-dffc8a541bda,William Davila,"Williams, Turner and Meadows","57393 Dixon Lake
Cunninghamshire, KS 47059","['Pizza', 'Sandwich', 'Pasta', 'Fried Chicken']",18.07,Delivered,2026-03-01 17:53:58,2026-01-08 18:27:05,Unpaid
692a486f-1731-437d-b4ad-cbf45ce56485,Ronald Shea,"Mcpherson, Brown and Collins","13360 Jennifer Coves
East Victoria, KS 49216","['Salad', 'Tacos', 'Burger']",19.76,Delivered,2026-02-14 01:13:34,2026-01-10 09:38:18,Unpaid
b668ff4f-8afa-49f1-9d33-012e5ca50729,Julie Sanders,Johnson LLC,"4090 Kyle Summit Suite 538
East Warren, VT 66497",['Pizza'],81.53,Delivered,2026-01-19 13:14:38,2026-02-21 05:08:58,Paid
3fb05127-d161-4c0b-a4ec-7e4958a09dec,Jennifer Martinez,"King, Moon and Christian","6672 Sullivan Crossroad
East Jessica, AS 89203","['Sandwich', 'Sushi', 'Soup']",45.99,Cancelled,2026-02-04 08:24:18,2026-02-15 16:03:05,Unpaid
fea398b1-645a-4ef9-85c3-63eaf14ed19f,Shannon Massey,Hernandez-Gill,"63830 Munoz Motorway Apt. 295
East Oliviafort, AS 02983","['Soup', 'Pasta']",22.54,Cancelled,2026-01-05 09:05:17,2026-02-09 03:34:15,Refunded
be05c01b-854a-49e8-aa81-b7debaf908b2,Thomas Chase,Smith and Sons,"97263 Joseph Mountain
Paulburgh, MP 03820","['Tacos', 'Sandwich']",15.11,Cancelled,2026-02-10 13:54:40,2026-02-02 01:22:23,Unpaid
c28b9970-1b8f-4afb-9689-439baefde49b,Gary Dixon,"Clark, Moran and Contreras","317 Rivera Track Apt. 382
Port Garyburgh, KY 74199","['Pizza', 'Salad', 'Sushi', 'Soup']",29.08,Cancelled,2026-01-11 11:19:17,2026-02-23 03:53:07,Refunded
c4cceccd-fd31-4a5f-9365-f41cd4f52454,Stephanie Kennedy,Alvarez LLC,"228 Ethan Mount Apt. 955
Amandashire, WY 91854","['Sushi', 'Fried Chicken', 'Salad']",27.6,Cancelled,2026-01-01 11:25:45,2026-02-14 19:06:22,Unpaid
3db7b6c8-0b03-4f86-8162-c2021d791799,Christine Carlson,Chavez and Sons,"17306 Richardson Haven Suite 161
Port Alyssa, MS 43561","['Pizza', 'Pasta', 'Fried Chicken']",79.38,Delivered,2026-02-15 13:42:53,2026-02-21 07:21:43,Paid
aee4bde6-ec86-4cd1-a9fd-87448f109636,Barbara Maldonado,"Taylor, Smith and Anderson","6115 Anne Viaduct Suite 551
East Christopher, WY 80287","['Sushi', 'Burger', 'Fried Chicken']",63.08,Pending,2026-02-27 18:33:52,2026-01-03 17:30:00,Paid
900cad41-6088-4dd9-8ecf-75c05f604a17,Danny Turner,King and Sons,"980 Estrada Lake
Jonathanborough, WV 05687","['Burger', 'Pasta']",67.83,Pending,2026-01-09 14:43:04,2026-01-25 06:53:55,Unpaid
71b2bef7-69ad-4bcd-9ce2-78b18481364d,Joshua Miller,"Miller, Martin and Mack","426 Zavala Plains
Lake Mark, PA 27570","['Burger', 'Steak']",35.55,Delivered,2026-01-13 21:43:59,2026-02-14 17:33:38,Paid
fbfda23d-4d3d-470c-bfdf-5d1878a0a473,Frederick Raymond,"Wiggins, Kelley and Baxter","2628 Lori Locks
Jaclynborough, GA 09618",['Steak'],45.26,Cancelled,2026-01-17 18:22:54,2026-01-26 13:24:38,Unpaid
42018048-e9d6-465b-81e5-5d20c0208acc,Julia Peterson,Duncan-Strong,"24900 Blake Orchard
Thomasstad, AK 45621","['Sandwich', 'Steak', 'Sushi']",65.04,Delivered,2026-01-10 00:04:00,2026-02-08 11:29:15,Refunded
009bea1e-6a39-4db8-ae1d-d38d6bba3fbc,Peter Rogers,"Hooper, Bryant and Walker","USS Hammond
FPO AA 95357","['Pizza', 'Sandwich', 'Salad']",44.66,Cancelled,2026-01-17 11:56:15,2026-02-17 02:09:06,Refunded
9ebff944-f762-40a4-a3d5-d24d16407d09,Lance Jacobs,Oneill Inc,"284 Michael Mount
Bradfordshire, CT 04021","['Salad', 'Burger', 'Sandwich', 'Pizza']",92.39,Pending,2026-01-01 09:12:49,2026-01-14 04:56:03,Refunded
9639d1d1-ac04-41b5-82ad-042e6b59eca9,Nathan Murphy,"Ryan, Johnson and Lane","78532 Casey Gardens Suite 321
Ayalaside, VI 40051",['Tacos'],19.77,Cancelled,2026-01-07 17:07:40,2026-01-31 19:24:26,Refunded
6bd01b08-35d9-4a5c-a196-83c69e8b828d,Anthony Watson,Vasquez-Lewis,"15642 Dustin Spurs
Baileyview, MT 56488",['Sandwich'],69.21,Cancelled,2026-02-22 23:02:00,2026-02-09 22:07:53,Refunded
3268b279-4f5a-47a4-98ab-e96ce28d609f,Catherine Gonzalez,"Silva, Mitchell and Chavez","51501 Bean Terrace
Lake Adammouth, PW 97465",['Sushi'],51.92,Delivered,2026-02-08 09:06:18,2026-02-22 03:17:43,Refunded
e0d05666-e5a9-4df8-afc3-0d4c8263a398,Jack Hall,"Stephens, Smith and Rodriguez","321 Robinson Trail
North Jay, NV 33538",['Salad'],34.1,Delivered,2026-02-04 02:14:33,2026-01-12 09:49:18,Refunded
913279b5-dadf-4495-a147-dbcc632a0bd6,Walter Burgess,Davis LLC,"PSC 2800, Box 0189
APO AP 51084","['Steak', 'Pasta']",59.45,Cancelled,2026-02-11 21:34:28,2026-01-28 20:06:30,Paid
6e4c06d5-f704-40a1-8b49-6f138e7e6562,Wendy Lindsey,Bowers Ltd,"058 Matthew Haven
New Joshua, MD 50702","['Pizza', 'Tacos']",17.7,Pending,2026-02-01 05:26:12,2026-01-29 13:43:56,Refunded
4dd3f3b7-3ba1-40cf-98d4-9cb766648e18,Cassandra Hunter,Johnson-King,"37878 Nancy Squares
North Kyle, VT 23878","['Salad', 'Pizza', 'Pasta']",28.09,Cancelled,2026-01-22 04:51:37,2026-02-28 17:02:06,Unpaid
7aa66966-6dca-49c3-95c0-3ecc2869da8b,Mrs. Stephanie Conway,"Herrera, Freeman and Bradshaw","7125 Monica Underpass Apt. 837
Brendaberg, IL 36778","['Soup', 'Tacos', 'Burger']",79.3,Cancelled,2026-01-20 16:53:08,2026-01-05 19:05:02,Refunded
5c5b80cf-25ff-4cf9-a631-8ed2a05a9b5f,Joshua Johnson,"Mcpherson, Benson and Bell","79241 Susan Forge
North Danielle, CT 81571","['Soup', 'Pizza']",36.17,Delivered,2026-01-17 08:18:51,2026-01-22 02:30:26,Unpaid
1ba1f58d-13f5-4fad-a0c5-4572cc1c7cfe,David Garrison,Mason LLC,"6016 Cheyenne Divide Apt. 502
West Mackenziefort, MS 98885","['Fried Chicken', 'Sandwich', 'Burger', 'Pizza']",97.62,Pending,2026-01-30 21:54:43,2026-01-28 16:34:01,Unpaid
6fbc6f4f-9d18-4464-a57e-40b61d97ef66,Debbie Chambers,Pitts-Powell,"76896 Phillips Turnpike Apt. 535
South Kristopherfurt, NC 55473","['Soup', 'Salad', 'Pasta']",22.28,Cancelled,2026-02-03 14:25:58,2026-02-28 20:56:39,Paid
732609a2-cd3e-44b3-ac08-a08ff4aeda08,James Graham,"Porter, Cole and Figueroa","670 Davis Canyon
Hectorstad, UT 55068",['Soup'],97.35,Delivered,2026-02-13 17:20:03,2026-01-06 23:31:18,Refunded
84fe4e76-a169-4810-bf04-c7525286a247,Andrew Kane,"Gibson, Mcbride and Jackson","08716 Rodriguez Overpass
Castanedatown, CT 61214","['Sushi', 'Pasta']",59.48,Pending,2026-02-28 06:36:06,2026-02-06 15:12:06,Refunded
71f66b22-9845-4264-95b0-fb3cf8730e88,Alyssa Gonzalez,Reyes PLC,"941 Palmer Square Apt. 476
South Kristi, NM 71279","['Salad', 'Sandwich', 'Steak']",56.25,Pending,2026-02-13 19:36:01,2026-02-03 02:55:21,Paid
5ee4390a-bae7-4fa6-a3ee-31942fd5804b,Courtney Frey,Garcia-Hines,"0166 Haley Unions
New Maryside, OK 35770","['Tacos', 'Pizza', 'Soup', 'Burger']",22.32,Cancelled,2026-02-16 01:04:23,2026-01-26 16:30:50,Paid
6fc5c079-aac0-4ac2-bcad-853c684ce38a,Christopher James,Payne Ltd,"693 Eric Orchard Apt. 692
New Ryanchester, MI 89535","['Soup', 'Tacos', 'Salad']",30.53,Cancelled,2026-02-19 06:01:58,2026-02-06 18:14:39,Paid
089b215a-9182-45f2-9671-0d0b9bb72a30,Cody Armstrong,Garcia-Johnson,"3400 Moore Stravenue Apt. 838
Brianborough, MA 55024",['Sandwich'],58.16,Pending,2026-01-27 18:06:25,2026-02-25 17:57:14,Unpaid
98f27045-a6fb-4fdb-a80c-a1881afea211,Maria Kim,Booth Group,"USNS Prince
FPO AE 81872","['Soup', 'Sandwich', 'Sushi', 'Pasta']",47.47,Pending,2026-02-20 00:33:50,2026-01-03 14:25:51,Refunded
21b48c74-3c0d-45f5-a6a4-66fc255a52f4,Julie Chambers,Miller LLC,"96558 Burch Path Apt. 980
North Stephaniechester, DE 85987",['Tacos'],55.67,Cancelled,2026-02-27 12:50:43,2026-01-12 08:24:40,Unpaid
dabf93fd-9d4b-49cf-bad1-c617b6eeaa68,Alicia Phillips,"Walton, Potter and Holmes","53260 Brown Center Suite 518
Hullstad, CA 20695",['Fried Chicken'],36.5,Pending,2026-01-20 20:53:01,2026-01-23 09:51:23,Refunded
08db6819-6603-465c-8554-fbd10afef22e,Paul Allen,Morgan-Burke,"66895 Melissa Island
North Duanemouth, NE 95711","['Salad', 'Burger', 'Tacos', 'Fried Chicken']",20.08,Pending,2026-01-02 12:11:08,2026-02-15 07:53:14,Unpaid
ff50b716-aece-41a6-be32-a3f3920caa07,Shawn Harris,"Pennington, White and Li","07638 Eric Trail
Davidbury, ID 12776","['Pizza', 'Soup', 'Burger']",99.49,Cancelled,2026-01-03 09:20:33,2026-01-04 20:30:30,Paid
e26ebb29-d5f8-4095-b591-e80413b31c5c,Sarah Kelly,Shaffer Inc,"41958 Jonathon Extension Suite 208
Angelchester, UT 53772","['Steak', 'Burger', 'Sandwich', 'Fried Chicken']",44.64,Cancelled,2026-01-06 02:01:39,2026-01-20 19:22:31,Refunded
50da22b1-79e7-4874-b218-74ebe978663d,Mrs. Debra Cunningham MD,"Bailey, Gonzalez and Grant","8904 Stephens Falls Apt. 020
Angelicaside, HI 58859",['Fried Chicken'],44.29,Delivered,2026-01-31 23:38:26,2026-01-03 04:42:02,Unpaid
946e8335-6e66-4cdc-9a80-1dca6e7b125a,Keith Shields,"Nguyen, Aguirre and Stark","893 Campos Walk Apt. 442
Torreston, MN 21934",['Tacos'],29.25,Cancelled,2026-02-16 03:38:48,2026-01-27 09:43:03,Paid
88fd0824-e947-4763-89f9-58e72fc12121,Taylor Richardson,Moses-Rodriguez,"96115 Megan Prairie Suite 436
Austinton, CT 11063","['Sushi', 'Soup', 'Tacos', 'Sandwich']",57.67,Pending,2026-01-21 13:35:45,2026-01-12 16:02:14,Paid
5320b0e9-07d5-4af2-af22-23df378409d4,Matthew Campbell,"Carpenter, Zamora and Hood","3832 Sherry Estate
New Ebony, SC 04405","['Pizza', 'Fried Chicken', 'Steak']",56.16,Delivered,2026-01-19 17:52:47,2026-02-02 14:40:33,Refunded
dc41112e-0920-489a-9756-d3107b5dc1d0,Leah Blair,"Smith, Jacobs and Rojas","858 Moses Extensions
South Michaelborough, DE 16152","['Salad', 'Sandwich', 'Sushi', 'Fried Chicken']",89.02,Cancelled,2026-02-16 03:50:17,2026-01-21 22:38:13,Paid
b6ab62da-267c-4d27-93c1-333b4f1980fd,Gary Williams,Mathews-Garcia,"Unit 5769 Box 5783
DPO AE 00636","['Sushi', 'Pasta', 'Steak']",65.31,Pending,2026-01-29 09:56:51,2026-02-24 04:29:05,Refunded
71505c61-929b-4262-b436-112f49c5ece6,Sylvia Castillo,Salazar Ltd,"9754 Collins Rapids
Richardton, ME 78399","['Tacos', 'Pizza', 'Steak', 'Soup']",49.7,Pending,2026-02-09 14:12:03,2026-01-20 00:44:23,Unpaid
eaf07f28-5365-4c35-9724-4dc5ebb93922,Crystal Campbell,Barker-Vazquez,"01836 Mccann Forest
Lake James, VT 34702",['Sandwich'],60.86,Cancelled,2026-02-01 20:15:21,2026-01-13 20:19:21,Refunded
7a9e922d-5b35-4728-af1a-c145b2587ca5,Cassie Nash,Benitez-Green,"51460 Vega Turnpike
Oliverborough, AL 67290",['Soup'],17.24,Pending,2026-02-18 23:28:21,2026-01-15 07:56:27,Paid
422a681b-cd44-4c41-954f-68bf15d5aaa1,Ashley Lee,"Barnes, Baker and Sharp","350 Yates Inlet Apt. 060
East Shawnville, OR 30977","['Fried Chicken', 'Soup']",44.26,Pending,2026-03-01 16:50:52,2026-02-11 19:17:42,Paid
661954c3-5768-4586-ad63-8e127225e5ec,Kaitlyn Carr,"Hansen, Perez and Boyd","86868 Brenda Mountains
Michaelland, IN 49227","['Pizza', 'Sushi', 'Sandwich']",75.51,Cancelled,2026-02-02 23:55:57,2026-01-11 14:12:00,Refunded
0dc142dd-21fa-46de-a20e-e4806a7bf1db,Sarah Dunn,"Brown, Greene and Diaz","7822 Gina Turnpike
South Danielle, MI 64542","['Pasta', 'Steak', 'Tacos']",90.8,Pending,2026-02-22 07:03:18,2026-01-22 21:27:14,Unpaid
16fc2c5b-1e6f-4e0d-b480-096b5cb3da47,Geoffrey Shaw,Jones-Murphy,"98259 James Spring Suite 814
Osborneshire, VT 69977","['Fried Chicken', 'Sandwich']",46.79,Cancelled,2026-02-04 03:13:36,2026-02-14 04:27:06,Unpaid
81db45f6-f2dd-42af-8627-192b37fb3091,Mary Ritter,Salas PLC,"USNS Odom
FPO AP 96856","['Salad', 'Tacos', 'Burger']",72.79,Cancelled,2026-02-26 14:49:00,2026-01-01 17:38:44,Refunded
7152a671-01ac-42d7-8567-61d920fb6788,Mariah Fox,"Payne, Greene and Carroll","9826 Samantha Summit
East Kevin, ID 53530","['Salad', 'Sushi', 'Tacos', 'Burger']",31.21,Pending,2026-01-12 14:16:32,2026-02-26 08:14:05,Paid
83868cc7-331f-4b07-b984-3a302f40d574,Kerri Hicks,Dunn Ltd,"8560 Karen Estates Apt. 376
Wilsonchester, CT 97117","['Pasta', 'Soup', 'Salad', 'Fried Chicken']",38.82,Pending,2026-02-19 20:26:19,2026-02-03 05:31:38,Unpaid
e22be321-ff00-45d2-b4c2-31251b10c330,Chelsea Wheeler,"Mitchell, Wilkins and York","5000 Jason Flat Suite 228
Averyburgh, NV 64378","['Sandwich', 'Burger']",24.83,Cancelled,2026-02-27 14:56:24,2026-02-16 05:45:24,Unpaid
99865aee-ae0a-40b4-86bd-c3a8e5cf6ba2,Vanessa Lloyd,Alexander-Alvarado,"8051 Rebekah Keys
Timothyshire, NE 60700","['Tacos', 'Burger', 'Salad', 'Fried Chicken']",20.18,Delivered,2026-01-14 17:52:18,2026-02-21 00:46:08,Unpaid
adca1f66-3967-4870-85b2-51bbab1c235d,Shaun Griffith,"Wright, Gonzalez and Jones","30372 Wright Stream
Nelsonmouth, NV 28201","['Tacos', 'Salad']",25.45,Delivered,2026-02-12 21:28:31,2026-01-06 14:46:07,Refunded
59b62ba4-68c7-411a-a805-6e00082c6c61,Lauren Bailey,"Lee, Thomas and Williams","3501 Crystal Fall Apt. 865
South Christopherville, MI 47795","['Burger', 'Sandwich', 'Fried Chicken']",49.5,Pending,2026-01-11 06:04:48,2026-02-13 04:34:23,Paid
5e88ebcd-1b3c-4986-b9f2-10f34e7aea95,Justin Bates,Mills Ltd,"2183 Timothy Corners Suite 373
Gibsonstad, PA 85812","['Pizza', 'Burger', 'Tacos']",26.48,Delivered,2026-01-29 02:44:26,2026-01-09 07:01:28,Refunded
c0a07a11-1c72-4e11-8c33-de5a6fa521f7,Jose Pierce,Sexton and Sons,"0680 Matthew Union
Lake Monica, KY 18080","['Burger', 'Pasta', 'Soup', 'Steak']",64.14,Delivered,2026-01-06 01:38:00,2026-02-09 14:27:55,Paid
c43763ad-43fb-4995-82d6-26c262d90415,Rebecca Houston,Chapman and Sons,"2580 Randolph Highway
Lopezland, UT 58820",['Pizza'],48.6,Cancelled,2026-02-23 04:06:15,2026-01-18 06:48:42,Paid
2493fc19-7ac0-4a4e-92b9-c25af578b527,Paul Wheeler,Phelps Ltd,"93914 Wilson Hills Apt. 927
Coleport, MA 16338","['Steak', 'Sandwich']",79.74,Pending,2026-03-02 01:34:37,2026-01-18 00:59:41,Paid
9a348375-bbaa-42bb-8cad-149a955a5d82,Teresa Moore,"Walsh, Phillips and Rodriguez","3190 Wilson Pines Suite 772
Tannermouth, MO 16810","['Sushi', 'Steak', 'Salad', 'Soup']",88.04,Cancelled,2026-01-03 12:26:41,2026-01-08 07:32:12,Unpaid
cd3e3edc-a325-44e4-9d07-84774bf5d100,Jeffrey Payne,"Delgado, Robbins and Smith","48737 John Cliff Apt. 375
Russellshire, IA 80197","['Burger', 'Pizza', 'Steak', 'Tacos']",37.72,Pending,2026-01-31 04:23:24,2026-02-19 03:08:29,Refunded
f463cea5-956b-4f2c-859b-58418d97b0a6,David Murphy,Taylor-Henry,"00280 David Place Apt. 108
North Anna, MT 83679","['Burger', 'Steak', 'Tacos']",71.64,Cancelled,2026-02-12 14:22:49,2026-02-14 07:44:38,Refunded
cfb88ad7-c88c-4a40-b408-2fd2d81dfc85,Amanda Garner,"Whitehead, Hobbs and Larson","8629 Lewis Gateway Apt. 967
New Michaelborough, MD 44978","['Fried Chicken', 'Sushi', 'Salad', 'Tacos']",80.69,Pending,2026-02-18 06:59:27,2026-03-01 06:48:32,Unpaid
7a94976c-cf4d-4b9b-a934-4178a0f42cd9,Drew Martinez,Lowe-Armstrong,"PSC 6937, Box 7630
APO AP 45871",['Soup'],78.67,Delivered,2026-01-30 11:44:59,2026-02-25 01:41:01,Unpaid
3bd8aaa4-cb56-4c3b-b812-96962509d8d3,Matthew Thompson,"Lewis, Alvarado and Jackson","Unit 5456 Box 6108
DPO AP 61319",['Pizza'],78.85,Delivered,2026-02-16 10:15:12,2026-02-13 05:51:29,Unpaid
cc903b77-a380-471c-b566-4cde42e6e1d5,Matthew Shepherd,"Jones, Kim and Weber","08466 Alicia Coves
Smithtown, WV 91666",['Sandwich'],81.44,Cancelled,2026-02-06 00:57:35,2026-02-22 04:47:35,Unpaid
2defb620-3122-4954-b0e7-792e5080ca0a,Dana Torres,"Le, Hughes and Warner","903 Cummings Street
Port Justin, DC 10828","['Burger', 'Sushi', 'Pasta', 'Salad']",77.89,Delivered,2026-02-24 01:44:12,2026-02-25 00:53:43,Unpaid
4be404d7-d45d-4f7f-8060-1b70483e7941,Erika Johnson,Parks-Johnson,"15000 Woods River
Kimberlytown, KY 22862","['Soup', 'Sushi', 'Steak']",62.75,Delivered,2026-01-22 02:45:54,2026-02-28 10:09:37,Paid
623de939-6d4e-4d02-91e3-6a57b6b837da,Andrew Cisneros,Carter-Andrews,"9495 Margaret Knoll Apt. 887
Dawsonshire, MH 90813","['Tacos', 'Fried Chicken']",38.95,Cancelled,2026-01-04 15:28:27,2026-01-01 00:59:40,Refunded
53324146-41bd-4a3e-b541-b4ead7a7aa23,Joseph Smith,Garcia-Blackwell,"04218 Rivera Fork
Port Evanburgh, WI 85089","['Sandwich', 'Sushi', 'Fried Chicken', 'Burger']",56.29,Cancelled,2026-02-19 14:18:33,2026-01-21 22:15:49,Unpaid
66411b97-df11-4cdd-a809-5af0d5708bce,Matthew Torres,Barrett-Donaldson,"239 Mark View
South Daniellefurt, ND 25941","['Steak', 'Pasta', 'Tacos', 'Salad']",15.32,Cancelled,2026-01-11 14:05:30,2026-02-05 09:45:35,Paid
9bc758e7-709e-4603-8583-465d617ed30e,Christine Perez,Salazar LLC,"88144 Kimberly Trafficway Suite 730
Wrightside, PR 40349",['Pasta'],30.48,Delivered,2026-02-28 15:12:00,2026-01-03 21:52:57,Refunded
5fb7087b-7c38-4343-8e5b-d404ca17a834,Chad Hall,Brady-Barber,"8821 Annette Dale
Sarahchester, KS 92260","['Pasta', 'Pizza', 'Sushi']",19.05,Cancelled,2026-01-02 14:10:00,2026-01-27 22:16:42,Refunded
fdb28b5f-ed55-4e80-844f-c06a257f4f4d,Eric Gutierrez,Fletcher Group,"385 Kimberly Walk
Port Gregory, MT 62591","['Burger', 'Steak']",17.5,Delivered,2026-02-24 02:26:43,2026-01-27 01:01:09,Unpaid
54a2e53b-2488-40f9-9ee0-8220fdbff096,Albert Bridges,Baker-Howard,"85154 Jacqueline Ways
Wilsontown, MS 31672",['Fried Chicken'],49.94,Pending,2026-03-01 05:39:04,2026-01-24 20:39:19,Paid
3aa1c7c7-718a-465c-bebf-d0aa8fdccd44,Peter Cruz,Garcia-Norman,"3483 Martinez Radial Apt. 909
New Carl, ME 58381","['Pasta', 'Steak', 'Soup']",90.77,Delivered,2026-02-17 13:23:42,2026-02-12 03:12:52,Paid
937d89b7-9acc-4dce-b462-489ef4c6d9eb,Angela Miller,"Roberts, Johnson and Wiley","89520 Yang Branch
Amyview, PA 68024","['Sushi', 'Steak']",27.65,Pending,2026-02-16 12:43:06,2026-02-10 22:33:55,Unpaid
d0c12e7c-6364-4ffa-ac4a-88c794972713,Jeremy Floyd,Russell Group,"19666 Kelli Mission Suite 071
Crossport, MD 30296",['Burger'],75.28,Pending,2026-01-06 21:47:03,2026-01-18 12:37:26,Paid
5437362d-c770-440a-a50a-3db004673089,Veronica Palmer,Fields-Carroll,"5504 Hall Mews
Kristiberg, VT 71285","['Sandwich', 'Pizza']",92.72,Pending,2026-02-11 13:07:41,2026-01-10 12:16:49,Refunded
3726dd5a-1024-4f44-8175-2e1dc2b5c6bb,Katherine Fritz,Hendrix PLC,"51313 Parsons Centers
Ryanchester, PR 93780",['Salad'],45.13,Delivered,2026-01-09 06:02:36,2026-03-01 13:18:56,Refunded
56c824fa-6bbd-4e2c-8c66-7af418e12d69,Joseph Hall,Delgado-Barnett,"2636 Johnson Springs
New Amanda, AK 87229","['Sandwich', 'Soup', 'Burger']",94.22,Delivered,2026-01-10 19:50:52,2026-02-02 20:00:06,Paid
43e62084-b8b0-4a19-83da-b2ebbc5113d6,Kaylee Adams,Brown-Dyer,"15519 Fowler Fords
South Vanessashire, SD 41817","['Tacos', 'Pasta']",16.79,Delivered,2026-02-23 00:43:08,2026-02-26 12:45:44,Unpaid
7d3b7d8d-9b5c-4a12-86dc-cbb0841183a7,Amanda Castillo,"Wells, Smith and Duran","443 Walker Village Apt. 735
West Charles, TN 53974","['Pizza', 'Sushi', 'Salad']",32.38,Delivered,2026-02-02 15:38:58,2026-02-19 03:43:26,Refunded
19443392-666e-4ef4-be0a-3f363921238e,Patricia Moss,"Mclean, Brown and Preston","4450 Taylor Mount Suite 061
Mileshaven, NE 51270","['Tacos', 'Steak']",50.13,Delivered,2026-02-27 08:07:32,2026-01-15 16:25:04,Paid
23075d8f-ca23-45c2-b245-c5dce9bf8c63,Jennifer Walsh,Pena-Molina,"62045 Baker Summit Suite 618
North Kristenfurt, PW 36637","['Sandwich', 'Tacos', 'Salad', 'Steak']",79.42,Pending,2026-02-16 09:39:56,2026-01-13 21:54:16,Paid
3ffc8ce8-49e6-44da-996d-87bd6ae6ab0c,Jennifer Lozano,Guzman Group,"506 Oconnor Creek Suite 995
Browntown, NY 23257","['Pasta', 'Fried Chicken']",34.05,Cancelled,2026-02-15 09:32:32,2026-02-06 09:06:12,Paid
6c762d4a-a0af-4f80-9c6a-afc091ebe627,Kelly Andersen,"Becker, Whitehead and Watson","16748 Martinez Skyway Apt. 165
Martinezburgh, IL 31592",['Pizza'],30.61,Cancelled,2026-01-04 19:26:11,2026-01-10 18:14:16,Refunded
8c1541b1-a188-4f67-9f68-356fb8b3605b,Steven Pace,"Mcdaniel, Mcpherson and Reyes","588 Angela Bypass
Martinshire, MN 15188","['Pizza', 'Sushi', 'Salad']",32.21,Cancelled,2026-01-14 08:38:28,2026-01-11 17:42:35,Paid
e336f90b-212b-44ba-97b4-a047875dc92d,Paul Castillo,Williams-Carroll,"USS Gray
FPO AP 96869","['Sushi', 'Sandwich']",27.04,Pending,2026-01-04 07:15:10,2026-02-17 09:04:47,Paid
f67d25a7-8434-4643-84f5-90c7eff32558,Susan Moses,"Harris, Gould and Estrada","48734 Clark Spurs
West Robertland, WI 25634","['Soup', 'Pasta']",64.97,Pending,2026-01-11 02:53:38,2026-02-21 10:32:01,Paid
311e4194-a6ef-4e1e-bd3f-ae1789215cb6,Brandi Montoya,Hardy-Wise,"390 Hamilton Knolls Suite 718
West Angela, FL 15333","['Tacos', 'Sushi', 'Soup']",77.68,Delivered,2026-01-07 00:00:30,2026-02-18 22:32:07,Paid
00e9e2fb-f837-4afe-a38c-dbc587f9eb61,Angel Hoffman,"Cooper, Huff and Moore","4566 Spencer Pike Apt. 222
Ronaldshire, KS 54797","['Tacos', 'Sandwich', 'Soup']",21.88,Cancelled,2026-02-16 12:07:17,2026-02-13 05:18:36,Unpaid
aea5db00-7681-4463-89f8-d87d908256c4,Marcus Powell,Robinson and Sons,"593 Wilson Ways Suite 117
Port Lisahaven, AK 43078","['Soup', 'Steak']",77.13,Delivered,2026-03-01 23:18:11,2026-01-02 21:04:28,Refunded
521250b3-862a-4d13-8c44-46c2a571a13d,Debbie Long DDS,Thomas-Green,"98740 Jonathan Divide Apt. 558
Danielberg, TX 96913","['Sushi', 'Pasta', 'Soup']",41.05,Cancelled,2026-03-01 02:43:07,2026-02-13 08:46:26,Unpaid
b40de6e1-540a-4ff3-bf81-f736b7da371d,Joseph Hernandez,Moore-Lloyd,"1730 Haas Mill
Lake Melanie, GA 79994","['Fried Chicken', 'Tacos']",53.43,Delivered,2026-01-26 11:17:58,2026-01-15 13:00:23,Paid
fada8697-05c7-407c-9d70-92a2f5f5a54b,Kenneth Stewart,Carter-Douglas,"7019 Crystal Inlet Suite 430
North Cristinafurt, WY 82480","['Sandwich', 'Fried Chicken']",80.55,Pending,2026-01-27 09:21:14,2026-01-06 04:17:41,Paid
e2fd01a1-0302-46c4-98c6-dc5fefa85bf1,Teresa Williams,"Mccoy, Wood and Gonzalez","52909 Wang Common Apt. 054
North Jamieborough, WI 40622","['Soup', 'Tacos', 'Pasta']",90.47,Delivered,2026-01-04 13:29:10,2026-02-16 04:55:08,Paid
86fddda5-f314-45e9-b1f7-672ea5a37cb9,Jeremy Camacho,Glass Inc,"55381 Bonilla Square
Vanessaport, WY 16622",['Sushi'],77.63,Cancelled,2026-02-07 17:22:38,2026-01-05 16:04:47,Paid
b306a624-076c-46e2-b019-1e01461e1401,Cathy Rios,Johnson LLC,"21576 Christopher Brook
Davidhaven, DE 85360","['Burger', 'Sushi', 'Fried Chicken', 'Salad']",20.96,Pending,2026-02-13 16:27:26,2026-03-01 17:50:39,Refunded
45a673d3-9fde-4a05-be24-5a6cd5550b66,Brent Chen,"Johnson, Williams and Greer","78524 Brown Extension
Markshire, NC 55576","['Pasta', 'Soup']",59.88,Pending,2026-01-14 20:40:17,2026-01-27 02:11:05,Paid
716d8c4a-af52-40a1-a2af-171ebaba4a75,Matthew Campbell,"Wright, Pope and Taylor","4317 Baker Common Apt. 819
North Tammyhaven, TN 09033","['Fried Chicken', 'Pizza']",15.71,Cancelled,2026-02-14 15:23:18,2026-02-21 23:42:38,Refunded
6007db7c-7063-4857-8ed6-345e2117215c,Katie Wilson,White-Phillips,"PSC 1849, Box 0048
APO AA 47736",['Soup'],16.18,Delivered,2026-01-08 00:59:25,2026-02-03 05:00:32,Unpaid
63f211bf-89b9-44f6-ac19-79d265b57a91,Steven Phillips,Williams and Sons,"09708 Bridget Key Apt. 970
West Kellyborough, NY 10889","['Sushi', 'Soup', 'Burger', 'Tacos']",42.65,Pending,2026-02-26 20:30:57,2026-01-11 03:29:56,Paid
4d86ee95-e562-4794-a52e-2232676635d1,Marcus Frazier,"Underwood, Spencer and Myers","7008 Munoz Hill Apt. 352
North Sandra, MD 55442","['Pizza', 'Pasta']",20.38,Cancelled,2026-01-21 08:07:52,2026-01-12 18:51:59,Paid
a3a53daa-3a8e-4be0-9128-9639e55a3a5a,Sharon Tyler,"Williams, Mason and Watson","025 Tammy Knolls Suite 283
Meyermouth, NV 35612",['Fried Chicken'],38.08,Cancelled,2026-02-01 10:37:06,2026-01-10 06:20:36,Unpaid
66e4de1a-7c2f-4415-8f2e-a943415518a9,Andrew Whitaker,Foster-Reynolds,"44463 Bright Mountain Apt. 304
New Michaelfurt, VA 54773","['Fried Chicken', 'Salad']",82.95,Pending,2026-01-10 17:24:16,2026-02-01 17:08:14,Unpaid
41fa0eca-96f2-4275-b16b-1d4d3f587e93,Crystal Stafford,Schroeder Inc,"9216 Aaron Path Suite 918
South Oliviamouth, ME 79048","['Sandwich', 'Burger']",84.35,Cancelled,2026-03-01 11:02:21,2026-02-11 14:56:58,Paid
8c351a11-b407-41d1-837e-c0f760e96d3e,Brenda Oliver,Castro Inc,"USNS Sanchez
FPO AE 03074","['Fried Chicken', 'Pizza', 'Sushi', 'Steak']",90.18,Pending,2026-02-28 13:45:34,2026-01-04 06:02:02,Paid
d928d59b-0a2c-4348-88f9-cf1d4f8cabc1,Erica Garner,Cherry-Simmons,"PSC 0437, Box 0528
APO AE 75910",['Sandwich'],52.47,Delivered,2026-02-24 04:55:38,2026-02-28 04:53:18,Refunded
033e9e2a-155f-4c1d-a5cd-fc77f2b670f9,Daniel Watkins,"Jones, Miller and Bishop","316 Nancy Corner
Debramouth, PA 69030","['Pizza', 'Tacos', 'Sandwich']",83.63,Pending,2026-03-02 07:14:28,2026-01-30 12:12:16,Refunded
13853751-6e8a-4ed5-b7f2-0df75b86fd3e,Bryce Kennedy,Hampton Group,"024 Johnson Courts
Nicolechester, PR 21595",['Sushi'],51.88,Pending,2026-02-04 04:37:50,2026-02-04 04:14:08,Unpaid
3c70a710-9043-408e-b105-51ee6fcedcfa,Mr. Joseph Williams,Carter-Keith,"2941 Adkins Coves Apt. 099
North Brandy, ND 97344",['Salad'],96.96,Cancelled,2026-01-25 23:51:18,2026-01-16 14:29:26,Unpaid
79d1f1c6-ea59-4928-a1da-2ac56cd18681,Rachel Reed,"Roman, Green and Torres","08387 Jeffrey Plaza Suite 944
South Brian, AR 88914","['Soup', 'Pizza']",61.87,Delivered,2026-01-09 10:26:27,2026-02-26 21:21:31,Unpaid
57168490-1e35-4e14-ab05-71c1289e52c3,Jeffery Nelson,"Walls, Daniels and Berger","289 Michael Terrace Apt. 519
South Steven, IA 81973","['Tacos', 'Pasta', 'Soup', 'Sushi']",73.48,Delivered,2026-02-06 17:54:02,2026-02-10 22:54:26,Refunded
d825084e-1e4a-41ed-9339-39c8c7f7c8f1,Rachel Morales,Hale-Johnson,"219 Webb Heights
West Christophermouth, TX 03248","['Sushi', 'Pizza', 'Salad']",52.09,Delivered,2026-02-23 22:57:51,2026-01-01 22:58:56,Paid
e06ebbaf-9443-47ce-82e7-7e6c27995e8b,Rebecca Gibbs,Roberts-Myers,"1883 Black Circles Suite 767
Jimfort, MI 41213",['Pasta'],49.52,Delivered,2026-01-30 02:12:51,2026-02-23 00:56:00,Paid
66506f93-333f-40c4-8068-4d371f0b03df,Jerry Rodriguez,"Obrien, Meyer and Glenn","PSC 7403, Box 5865
APO AA 63046",['Soup'],75.89,Delivered,2026-02-16 06:45:36,2026-03-01 04:25:52,Paid
0da9a4c4-d678-4ffa-bf9d-8fd89c7a0658,Mr. David Duffy MD,Maxwell-Wade,"8381 Jessica Curve Suite 224
Cassandramouth, VA 44556",['Sushi'],67.47,Cancelled,2026-02-19 07:30:00,2026-01-17 03:18:00,Unpaid
602caad4-4872-4a24-9028-fa7edfb2b629,Brittany Jones,Rodriguez Inc,"74958 Steven Club Suite 152
Kevinstad, OR 06858",['Pasta'],69.42,Delivered,2026-02-10 10:45:46,2026-02-18 20:51:11,Unpaid
c88e7bd5-c56a-4f47-95f1-23a938b3373d,Nicole Lopez,"Sparks, Bailey and Hart","9703 Moore Passage Suite 627
East Ross, TN 29326","['Fried Chicken', 'Sushi', 'Pizza']",63.4,Delivered,2026-03-01 00:53:41,2026-02-27 22:00:07,Unpaid
37317f3b-4347-4ec9-9196-953b58613e30,Kelly Thompson,"Perry, Allen and Wang","830 Weiss Points
Charleston, CO 36329",['Fried Chicken'],71.38,Cancelled,2026-01-16 13:32:14,2026-01-20 23:23:27,Paid
f0b84e65-03f0-49a0-aa62-f0cd09f58487,Allison Griffin,"Dennis, Orozco and Garrett","5441 Travis Spur Apt. 753
Davidside, VI 97775","['Fried Chicken', 'Burger', 'Soup', 'Sushi']",79.06,Cancelled,2026-01-18 10:53:57,2026-01-10 10:11:04,Unpaid
dd4d1859-8d9e-43c1-a6b5-7036baf05ff8,Beth Medina,Marshall Ltd,"813 Christian Garden Suite 242
South Mario, AK 24832","['Sushi', 'Salad']",55.35,Delivered,2026-01-02 00:56:10,2026-02-09 07:09:17,Paid
2f52136e-e58b-4960-be26-744a09d646ba,William Young,"Watkins, Ware and Diaz","6810 Joseph Shoals
New Thomas, MN 12151","['Fried Chicken', 'Sandwich', 'Sushi']",59.34,Delivered,2026-02-03 19:27:25,2026-01-05 19:00:04,Paid
ee3a0c68-ff06-45a9-ad5a-3da486c5b757,Tracy Ochoa,Graham-Bennett,"554 Jessica Creek Apt. 148
Laurabury, NJ 87561",['Soup'],69.45,Cancelled,2026-01-17 13:30:58,2026-01-02 04:21:16,Refunded
a5966677-22d9-4820-ac78-1465ca76b040,Brian Jones,"Schultz, White and Ward","22114 Robert Overpass Apt. 932
Stephaniefort, MI 27561","['Steak', 'Sushi', 'Tacos', 'Fried Chicken']",60.68,Delivered,2026-02-14 09:16:54,2026-01-19 02:59:56,Unpaid
19107dc0-cc27-465d-b9de-9fde32ae6533,Michelle Lawrence,Carroll-Ward,"26158 Douglas Stream
Lake Willieland, MP 34362","['Salad', 'Fried Chicken', 'Steak']",70.57,Cancelled,2026-02-04 10:46:51,2026-02-13 10:16:52,Refunded
7b821e25-ede6-4a21-9e32-06d124ce4764,Steven Gregory,Greene-Aguilar,"596 Matthews Neck
Castroland, UT 96067","['Soup', 'Pizza', 'Burger']",24.98,Delivered,2026-01-19 19:49:06,2026-02-06 01:04:14,Unpaid
b6d2fa73-7faa-4580-9ac0-8ef213eeef7d,Richard Chapman,Miller-Johnson,"USCGC Benson
FPO AE 74304",['Salad'],37.8,Cancelled,2026-01-16 01:28:46,2026-01-05 23:41:33,Unpaid
aed9585f-6da0-4da1-adf7-fffa652aa176,Nathan Ramirez,Mccall Group,"25618 Danny Fords Suite 579
Wadeport, MS 37643",['Tacos'],79.51,Pending,2026-01-08 18:41:24,2026-01-18 00:30:06,Paid
f8fd956c-610a-422b-bbf8-56d21c12126c,Tammie Lyons,Solis-Rios,"160 Martin Orchard Apt. 423
Whiteville, CT 19201","['Fried Chicken', 'Sushi']",60,Delivered,2026-01-19 03:29:57,2026-01-20 11:50:33,Unpaid
e0f0e6ee-eee9-4367-bd29-10793c5413ff,Kathryn Campbell,Erickson-Garcia,"25545 Michael Lake Apt. 447
Johnsonshire, NJ 64792","['Sandwich', 'Tacos', 'Soup']",66.17,Delivered,2026-01-29 17:31:15,2026-02-15 07:23:26,Refunded
8a7d28c2-f644-4e7c-a8d1-be1ad4d1251f,Lindsay Vaughan,Johnson Group,"6619 Jason Stream Suite 190
Smithfort, VT 20345","['Tacos', 'Burger']",17.38,Delivered,2026-01-08 07:57:09,2026-01-17 07:10:52,Paid
ddb6a7ae-8e01-4728-9dd1-bbe4a2259db9,Kimberly Taylor,Bates Ltd,"48666 Henry Camp Apt. 398
Moniqueville, NH 28558",['Sandwich'],86.42,Cancelled,2026-01-07 02:40:37,2026-02-24 00:24:14,Refunded
a0d2b439-1df1-40a3-9ec9-cced2747c10e,Tara Gross,Glenn-Sweeney,"013 Hood Port
Emilychester, MS 16154",['Pizza'],30.62,Cancelled,2026-02-25 01:30:08,2026-01-18 16:24:47,Refunded
bd439954-dc88-40f6-9704-b4f612cd636e,Dylan Harris,"Mcdaniel, Perry and Figueroa","14927 Powell Way Suite 545
Port Thomas, MS 19317","['Steak', 'Pasta', 'Soup', 'Fried Chicken']",37.08,Delivered,2026-01-10 00:48:03,2026-01-26 09:06:52,Paid
b357fa99-c28c-479e-9dcf-d7fc45deb190,Frank Macdonald,"Frank, Donaldson and Hart","688 Diaz Garden
Adamstown, GA 30608","['Sushi', 'Tacos']",92.21,Delivered,2026-02-02 12:32:35,2026-02-04 21:27:47,Unpaid
af80d784-7885-4221-9266-5ff4f4df18c5,Christopher Blevins,"Roberts, White and Hernandez","082 Casey Extension Suite 195
Howellbury, GU 43451",['Salad'],68.6,Cancelled,2026-01-22 19:06:05,2026-02-13 07:34:46,Refunded
619ebaa4-9fd7-4671-8c0a-c8c46d4835e4,Tiffany Stephens,"Rodriguez, King and Petersen","70990 Debbie Points
West Kevin, MD 48053",['Fried Chicken'],40.13,Delivered,2026-01-10 01:20:52,2026-03-01 03:10:37,Refunded
32cb9e3a-f1cd-4eb9-ae03-db3c4be4b7c3,Gary Odonnell,Reynolds and Sons,"PSC 7640, Box 7616
APO AP 13441","['Tacos', 'Burger']",45.51,Cancelled,2026-02-16 18:36:42,2026-02-01 08:55:03,Refunded
8a3785c8-0ac6-4c4f-8e40-02e6341f8e09,Sarah Smith,Lee-Rodriguez,"6388 Adams Forest Apt. 588
South Michael, KS 17406","['Sandwich', 'Pizza', 'Steak', 'Pasta']",55.52,Cancelled,2026-01-04 00:07:33,2026-02-12 11:10:57,Refunded
9fe7397f-a20f-4c45-bca8-48eef02bba26,Audrey Flores,Spencer and Sons,"928 Trevor Cliff Apt. 571
Martinezland, ID 13830","['Salad', 'Pasta', 'Fried Chicken', 'Soup']",56.62,Cancelled,2026-02-27 21:01:24,2026-01-16 20:57:51,Refunded
a49cb82a-dab5-417e-8413-ede24995be6b,Alan Casey,Taylor-Miller,"048 Zavala Village
Stevenview, KY 83072","['Tacos', 'Steak', 'Pasta', 'Burger']",58.4,Pending,2026-01-31 15:57:21,2026-01-17 00:58:55,Paid
802c4f36-f653-4052-8b25-b56b03672baa,Bryan Terrell,"Hull, Hoover and Bell","Unit 8142 Box 2583
DPO AA 01193","['Burger', 'Pizza', 'Fried Chicken']",76.87,Cancelled,2026-02-24 16:11:19,2026-02-17 18:42:17,Unpaid
623bc94c-4ec9-46de-917f-199a2ffede4c,Brianna Miller,"Richards, Wyatt and Woods","02024 Brown Trafficway
East Jacqueline, NE 57085",['Soup'],62.64,Pending,2026-02-17 19:12:19,2026-02-10 14:56:18,Paid
dd1b14b1-a7a7-4f67-87b7-62c6006f3d98,David Sanchez,"Giles, Ferguson and Rodriguez","8478 Benjamin Corner Suite 964
Morrisville, NE 27336","['Tacos', 'Soup', 'Sushi']",98.47,Delivered,2026-01-27 01:29:44,2026-02-09 16:06:05,Paid
68fdbc29-c260-4924-bc40-9797434f899c,Devin Johnson,Raymond PLC,"166 Tran Valley
Ruizhaven, CO 03321","['Fried Chicken', 'Pasta']",75.37,Cancelled,2026-01-03 05:08:27,2026-01-24 08:43:46,Unpaid
af5ee457-1978-4b33-b5c9-7a8c6b818e4c,Kenneth Daniels,Kelley Ltd,"4578 Shannon Trail
Nixonmouth, MA 26589","['Fried Chicken', 'Soup']",96.44,Cancelled,2026-02-10 22:34:21,2026-01-14 12:02:30,Paid
751f75b2-1d18-4717-9a5f-d6937d6d7c24,Kaitlyn Lopez,"Johnson, Cortez and Bailey","2640 Castillo Spring Apt. 583
Brandtville, PA 09642","['Pizza', 'Steak']",36.6,Cancelled,2026-01-25 03:27:28,2026-01-07 23:14:15,Refunded
7f5bd06e-5f53-41ec-bcfa-90e2ad239268,Jesus Soto,Dean and Sons,"604 Phillips Field Suite 424
Richardville, GA 79282",['Sushi'],46.06,Delivered,2026-02-23 17:15:21,2026-01-13 10:41:07,Unpaid
b600248d-c6c1-4571-8b0f-fc27307bd35e,Pamela Faulkner,"Jensen, Sanchez and Costa","152 David Village
Sheilabury, TN 77788",['Soup'],80.66,Cancelled,2026-01-31 18:43:18,2026-01-09 09:28:24,Unpaid
a94e88f6-cecb-4f9d-b3a3-b6b592556b86,Erica Peterson,Lester-Banks,"5953 Erica Squares
Port Daniel, VA 76997",['Steak'],39.77,Pending,2026-02-07 05:56:55,2026-01-03 07:18:06,Unpaid
45d96ea2-5d12-4e03-92f9-7135613215ea,Brandon Ortiz,Johnson-Rose,"57413 Kelly Land
Port Richardshire, IN 87964","['Sandwich', 'Soup']",84.15,Delivered,2026-01-02 08:18:32,2026-02-26 04:14:49,Unpaid
a2af11dc-b435-458c-b8b6-d5bd306c4678,Anthony Dominguez,Howard PLC,"PSC 2374, Box 9932
APO AA 36129","['Tacos', 'Fried Chicken']",27.64,Cancelled,2026-02-21 08:43:35,2026-01-15 21:08:56,Refunded
950a5c27-635d-4a3b-9404-c60abf2deea2,Rebecca Perry,Thompson PLC,"921 Wilson Station Suite 253
Lake Tiffanyview, CA 36376","['Soup', 'Salad', 'Sandwich', 'Sushi']",78.16,Pending,2026-02-18 20:08:25,2026-01-17 06:24:11,Unpaid
406f09d4-9a90-433c-bde4-00476933bad4,Kathy Cox,Johnson-Beasley,"1267 Mercado Plain Apt. 415
Sarahmouth, MP 81014","['Sushi', 'Soup', 'Pasta']",28.22,Pending,2026-02-20 09:31:19,2026-01-26 15:57:33,Unpaid
1b979605-0a50-4544-9d89-18689e140b7b,Zachary Jones,"Flores, Hunt and Mills","37787 Steven Extensions
Whitemouth, ND 02516","['Soup', 'Fried Chicken', 'Sandwich', 'Salad']",50.35,Delivered,2026-02-17 12:57:42,2026-01-17 09:44:59,Paid
1abce915-7a61-4812-a218-63c33e42add5,Ashley Graham,Cooke Inc,"82957 Jones Rue Apt. 904
South Nicole, OR 39421",['Steak'],61.04,Pending,2026-02-14 17:52:47,2026-01-12 17:31:26,Paid
46935601-4b6a-4326-a931-4daa8c8b88eb,Thomas Howard,Foster PLC,"07699 Marcus Forges
East Elizabeth, HI 07295","['Pasta', 'Steak', 'Tacos']",96.61,Cancelled,2026-02-14 13:27:33,2026-01-25 12:41:01,Unpaid
f3d66831-cda1-4687-bdb0-fb66f713cc44,Susan Price,Robinson Ltd,"7957 Castaneda Fort Suite 950
North Adam, MA 97124","['Burger', 'Sandwich', 'Steak', 'Sushi']",87.03,Cancelled,2026-01-22 03:56:02,2026-02-12 01:03:18,Unpaid
71c7c4dc-875a-4f3c-85cc-7ef1d3ecf504,Wanda Murray,"Bell, Grant and Haynes","102 Jeff Radial Apt. 740
North Spencer, MI 42931","['Burger', 'Tacos', 'Steak']",59.16,Cancelled,2026-01-21 02:07:59,2026-01-15 16:31:10,Refunded
825416ff-1e05-4144-a2d7-3cdb434f5c00,Matthew Hansen,Morris-Davis,"072 Spencer Park
Dawsonland, PA 35646","['Fried Chicken', 'Salad', 'Steak']",80.15,Delivered,2026-01-03 01:03:57,2026-02-23 19:49:46,Refunded
8abc72d4-2f78-44d6-a8d7-b68c3a2e0e7a,Katelyn Heath,Maynard-Villa,"1730 Stone Field Suite 665
Jonathanmouth, PA 36765",['Burger'],20.65,Pending,2026-01-23 17:07:13,2026-01-08 14:31:56,Unpaid
a5451ed7-720c-4c24-99bc-f5552a3c382d,Steven Gilbert,"Strickland, Singh and Mccoy","5371 Gonzalez Plains Suite 294
Moralesland, SD 96416","['Pizza', 'Salad', 'Sushi']",48.61,Pending,2026-01-21 01:18:20,2026-01-01 09:24:58,Unpaid
c4029c08-62aa-4000-9969-a01ed2726087,Sarah Stewart,Sharp and Sons,"8107 Amanda Junction
Parsonsborough, AL 02167",['Salad'],68.84,Cancelled,2026-02-12 13:54:33,2026-01-11 22:22:04,Unpaid
b4811fc9-4d17-4051-acaf-7131e8050790,Nicholas Moore,Zimmerman PLC,"5622 Kelley Turnpike
Ryanbury, IL 25324","['Pasta', 'Fried Chicken', 'Salad', 'Burger']",42.75,Pending,2026-01-28 18:34:30,2026-02-20 12:23:34,Paid
77dccae6-fc92-40a8-9602-1826ada4af02,Melissa Thomas,"Dickerson, Thompson and Avila","2653 Miller Shoal
New Amyside, VT 50226","['Pizza', 'Burger']",69.07,Delivered,2026-01-06 01:20:07,2026-01-18 10:19:02,Refunded
8ed0b4b0-7ffb-4e02-aace-ddb78fdf6a69,Nicholas Thompson,Klein-Harvey,"01511 Renee Island Suite 232
New Caitlynside, AL 63877","['Soup', 'Sandwich', 'Salad']",24.88,Pending,2026-01-30 17:09:40,2026-01-19 08:08:40,Refunded
9a281985-513b-4aa5-a8d4-2bc17bd80376,Cynthia Mcgee,"Winters, Rivers and Campbell","99906 Hickman Drives Apt. 617
Johnsonbury, NY 65968","['Sandwich', 'Salad']",41.4,Pending,2026-02-05 13:11:43,2026-01-28 18:35:24,Unpaid
5d13e5fa-c796-4798-95db-a33cf7a79034,Michael Ibarra,Harris LLC,"9326 Mccormick Drive Apt. 571
Bobburgh, MH 81488","['Pasta', 'Salad']",41.27,Cancelled,2026-02-18 23:32:17,2026-01-02 21:34:29,Refunded
4bc48aa6-c42d-4267-81d5-9b397ebef030,Tiffany Garcia,Morrison-Arias,"9316 Riley Keys Apt. 370
Lake Holly, WY 98904","['Steak', 'Pasta']",64.8,Pending,2026-01-27 12:11:38,2026-02-02 17:10:18,Unpaid
a4118869-e475-4c7a-9d96-bd83c0766b75,Tami Jones,"Johnson, Willis and Perry","884 Rodriguez Glens Suite 574
West Brendaport, PA 49796",['Fried Chicken'],69.31,Cancelled,2026-01-25 02:12:44,2026-02-15 09:24:50,Refunded
9eef39a8-353d-4bcd-b327-27ca0d6d0d31,Jeremy Henson,Silva-Miller,"5706 Bailey Parkway
New Jason, AS 81354",['Tacos'],52.07,Delivered,2026-02-17 16:13:29,2026-02-25 16:07:38,Paid
dde517bd-ab87-47d4-b243-fa185cd3d899,Daniel West,"Robinson, Jones and Bennett","11786 Collier Fall
Petersonside, VA 69363","['Burger', 'Pasta']",54.33,Cancelled,2026-01-30 06:15:13,2026-03-02 01:13:24,Unpaid
df544011-3cdd-4a15-b3d9-bcbc2dd73fb1,William Murphy,"Bass, Davis and Mccarthy","13151 Gabriela Track
Whitechester, IA 58954",['Fried Chicken'],87.27,Cancelled,2026-01-05 22:59:23,2026-01-02 08:22:49,Refunded
b85ba951-a989-4950-8088-33e06ed3bae1,Andrew Ramos,Davis and Sons,"6826 Patricia Ranch
Lake Johnnymouth, WA 50285","['Soup', 'Sushi', 'Pizza', 'Tacos']",44.37,Delivered,2026-01-12 07:40:53,2026-02-27 20:03:30,Refunded
e1d31392-ab61-41c3-bd7f-62108d2d97c3,Raymond Smith,"Graham, Peterson and Spears","562 Barnett Wall Suite 880
West Sarah, NH 93732","['Soup', 'Pizza']",69.22,Delivered,2026-02-28 07:17:47,2026-02-12 22:55:41,Unpaid
c0a0b3a0-765f-4dc2-a0dc-ee14ed6e254c,Marcia Henderson,"Clay, Parsons and Scott","12262 Joseph Causeway
North Leahstad, AL 61514","['Burger', 'Sandwich']",64.35,Cancelled,2026-02-10 09:11:50,2026-02-22 23:53:19,Paid
596fd179-18aa-422d-9e61-c00ddafface2,Emily Shaw,"Anderson, Terry and James","15127 Mary Locks Apt. 654
Elizabethfort, OH 02797",['Sushi'],21.45,Cancelled,2026-01-03 21:11:21,2026-02-11 18:16:55,Unpaid
f23073ff-1e9d-4e46-b1e5-23d6c619a6aa,Erica Coleman,Allen LLC,"354 Shepard Groves Suite 189
Johnsonville, IN 30389","['Burger', 'Salad', 'Sushi', 'Soup']",24.93,Delivered,2026-01-30 09:17:22,2026-01-14 03:39:25,Refunded
734b2045-b7b9-40fe-b66f-345c0b997b80,Shane Quinn,Sharp-Barron,"78458 Michael Drive Suite 345
Isaactown, CO 08772","['Tacos', 'Pizza', 'Steak']",20.08,Delivered,2026-01-13 23:18:08,2026-02-18 01:32:45,Paid
1f047ebd-4300-4179-941e-71ea2885a48b,Robert Lowery,Cruz-Rivera,"6780 Martinez Meadow
New Jeremy, WV 86101","['Soup', 'Tacos', 'Pasta']",48.66,Cancelled,2026-01-19 14:59:49,2026-01-19 10:04:47,Paid
df09f9c3-c148-460e-a21d-324dd92ca1da,Paul Thomas,"Williams, Perry and Ballard","911 Michele Junction Suite 959
Jessicashire, PR 81403",['Fried Chicken'],92.08,Cancelled,2026-01-28 06:52:25,2026-01-27 04:34:56,Paid
9a2b7f15-a022-4522-b1a2-c0959834fd8f,Christopher Ayala,"Thomas, Davis and Rush","125 Perez Run Apt. 531
Port Jasminefurt, GU 21481",['Burger'],83.96,Cancelled,2026-02-08 07:19:47,2026-02-16 15:59:54,Unpaid
aac5635a-fd75-4f45-a48b-e92bf4de2f81,Kimberly Hernandez,Rivera-Garcia,"4394 Turner Cliffs
Alyssabury, IN 97187",['Salad'],20.45,Cancelled,2026-01-27 01:21:36,2026-02-06 23:11:32,Paid
150249fd-2acf-48c5-9eb9-0d62d1aa9b21,Christopher Meyers,"Smith, Mcclain and Lewis","41098 Zamora Viaduct
South Nataliestad, OH 72604","['Sushi', 'Salad', 'Steak', 'Soup']",29.49,Cancelled,2026-01-21 10:53:00,2026-02-10 18:41:13,Paid
149ce92d-26d7-4b50-8e63-e5018fe1f8f4,Mary Campbell,Hopkins Ltd,"440 Butler Trafficway Apt. 191
West Brian, TX 13443","['Burger', 'Steak', 'Fried Chicken']",31.73,Delivered,2026-02-26 22:39:54,2026-01-01 03:12:50,Unpaid
39ff045e-c29f-48d8-a62e-117f07f6fa51,Krista Guerrero,Frye-Long,"8273 Fuller Lock
West Michellestad, KS 16515","['Steak', 'Soup']",99.5,Cancelled,2026-01-20 09:27:48,2026-01-08 15:26:44,Paid
f1710415-c711-4f36-8fe9-d2c09783e309,Mr. Nicholas Rowe DDS,Lopez-Kelly,"8287 Jennifer Square
Erikaborough, OK 27955","['Fried Chicken', 'Burger', 'Sandwich', 'Salad']",69.65,Delivered,2026-02-13 01:03:12,2026-01-28 04:26:52,Refunded
9f992c49-d6e1-4ebd-bdcf-af722f3c3edb,Kathleen Lee,Sims-Young,"30499 Gonzalez Expressway
Jonesbury, HI 50817","['Tacos', 'Pasta', 'Fried Chicken', 'Soup']",27.18,Delivered,2026-01-01 04:57:33,2026-01-31 18:45:51,Unpaid
2078d30c-4cf5-420d-a2de-b06f18c3641a,Dennis White,Herrera Inc,"893 Brian Courts
West Richardberg, LA 58805","['Tacos', 'Steak', 'Sushi', 'Salad']",42.57,Delivered,2026-02-22 06:36:36,2026-01-10 13:57:19,Paid
15f675d2-e4d9-4565-ac0a-89e8a1b0f14a,Benjamin Burch,Johnson LLC,"9543 Patricia Tunnel
Carrieville, OR 79034",['Sandwich'],50.92,Delivered,2026-02-10 01:18:16,2026-01-16 07:42:25,Paid
969077c7-7c23-4df7-8d9b-ba37778e4052,Zachary Brady,"Robertson, Horton and Nelson","Unit 2611 Box 4149
DPO AA 83741","['Steak', 'Pizza', 'Soup', 'Fried Chicken']",77.42,Pending,2026-02-28 02:09:47,2026-01-27 00:23:31,Refunded
698dabe3-1c67-4555-a724-30a13d793110,Dawn Guzman,"Morrow, Ponce and Griffin","40257 Rodriguez Road
West Jonathan, WA 54170","['Pizza', 'Fried Chicken', 'Sushi']",25.47,Delivered,2026-02-09 22:42:49,2026-01-15 19:37:01,Unpaid
3890a489-e015-4f1e-aed8-10a8f3d31f53,Alexis Randall,"Martin, Edwards and Harris","3252 Dixon Canyon
East Kristyburgh, AK 99579",['Salad'],54.56,Delivered,2026-01-15 22:34:25,2026-01-04 04:00:08,Unpaid
66968a76-aa63-42fe-aa0d-d1114d073366,Christian Baldwin,"Lamb, Steele and Fry","22488 Sabrina Route Apt. 932
Leeton, WI 80693",['Soup'],38.3,Cancelled,2026-02-10 12:50:43,2026-02-14 09:27:26,Refunded
023821b4-ea93-4f13-95df-eb737537a6b8,Brenda Jacobs,Morales LLC,"12533 Henderson Cliffs
North Tonya, FM 71594","['Pizza', 'Steak', 'Burger']",42.12,Pending,2026-02-12 14:01:14,2026-02-20 13:36:44,Unpaid
fd14ee1a-851c-4434-ba5f-93b7d9b14879,Julie Harris,Nelson PLC,"2893 Benjamin Gateway Apt. 969
Adamchester, DC 31293",['Soup'],96.75,Delivered,2026-03-01 23:44:14,2026-02-27 21:28:13,Unpaid
04f74e53-a8f2-4821-b2cb-babeaf1c8dc1,Shelby Mason,"Welch, Jackson and Gallegos","135 Mercedes Village Apt. 216
South Danielside, SC 29877",['Soup'],37.54,Pending,2026-01-24 06:28:11,2026-02-20 12:48:49,Paid
13c35f27-705b-4fea-ab4a-8929c6e6d2b8,Benjamin Kelly DDS,Barnett-Marsh,"768 Lopez Green Apt. 294
Hatfieldshire, PA 09946","['Sandwich', 'Salad', 'Burger', 'Fried Chicken']",62.08,Cancelled,2026-02-10 02:06:57,2026-02-01 00:13:25,Refunded
e855a161-a07f-4ed2-8be4-634829eecaac,Samuel Glass,Ramirez-Boone,"218 Brandon Streets
North Kennethborough, IL 95215","['Sushi', 'Burger', 'Steak']",91.58,Delivered,2026-01-19 13:15:20,2026-01-13 22:46:45,Refunded
9c351b29-0d55-4b9e-ab05-c2c3ed34782f,Francisco Massey,Pittman LLC,"11317 Judy Way
Gonzalezborough, NJ 37622","['Steak', 'Tacos', 'Salad']",24.43,Delivered,2026-01-05 12:14:03,2026-01-28 17:35:18,Unpaid
ece0c801-0711-44e9-8b58-07fa6cafc1e4,Wanda Ramirez,"Cantrell, Fisher and Shea","086 Nicole Turnpike
Port Travisstad, NM 35219",['Tacos'],69.55,Cancelled,2026-01-04 00:43:01,2026-01-21 08:29:31,Paid
32c130fa-7214-49a2-9db4-04444a0db647,Cassandra Brown,Weber-Reilly,"384 Castillo Run
Linview, OK 91287","['Burger', 'Fried Chicken', 'Salad']",77.79,Delivered,2026-02-24 22:05:01,2026-02-23 21:08:41,Refunded
e5b0899f-36f4-4a08-8d7c-55f4725bcf1e,Sarah Woods,Silva-Rose,"01767 Anderson Island
Jenniferbury, MN 60656","['Steak', 'Salad']",78.35,Delivered,2026-02-19 19:10:05,2026-01-30 05:33:19,Refunded
cfa3221d-cf1f-4a99-96df-fbad1008fdff,Juan Nelson,Griffin Group,"2589 Donna Harbor Apt. 278
West Michaelport, DC 02095","['Burger', 'Sandwich', 'Soup', 'Pasta']",75.9,Delivered,2026-03-02 04:21:45,2026-02-02 12:18:05,Unpaid
a9dd0927-cbd4-4ec6-b081-13c808a56c82,Mark Ortiz,Smith and Sons,"552 Austin Pine Suite 046
Berryside, AK 84543",['Steak'],91.98,Delivered,2026-01-04 17:54:02,2026-01-14 22:25:30,Paid
c48ea25c-e9e9-4a35-85c0-b278a58767b4,Jamie Sanchez,"Mosley, Benson and Matthews","11878 Richard Throughway Apt. 426
South Valeriefort, MS 44733","['Pizza', 'Fried Chicken', 'Steak', 'Tacos']",53.4,Delivered,2026-02-11 23:58:53,2026-01-02 16:37:11,Unpaid
f5201bd4-b29d-491f-afa4-ddda7184a1ef,Robin Hall,Sanders-Martin,"096 Christina Dam
Christophermouth, AL 46320","['Tacos', 'Pizza', 'Fried Chicken']",53.9,Delivered,2026-02-28 23:49:50,2026-01-14 12:36:07,Unpaid
ba0c3c4e-7cdb-44ba-b4f1-388ef20c0e99,Jackie Williams,Durham-Grant,"95448 Warner Station
North Allenside, MT 90538","['Sandwich', 'Salad', 'Sushi']",44.56,Delivered,2026-01-22 09:16:04,2026-02-26 23:28:45,Paid
30b4371c-6e9c-48dd-b0b2-28f0bb09ef00,Lucas Henderson,"Hill, Graham and Rowe","627 Torres Wall
North Stephen, IA 28707",['Steak'],16.4,Pending,2026-01-12 09:30:27,2026-02-03 16:55:03,Unpaid
08d79300-e503-4a79-8a36-4134b45b4a66,Jeremy Lang,Goodman Group,"61948 Joseph Freeway Apt. 784
Tonyamouth, OR 69853","['Soup', 'Pasta', 'Sushi']",89.13,Pending,2026-01-04 11:24:19,2026-02-24 14:20:42,Unpaid
f48144ad-24b6-4399-9d69-7b3336c273c3,Debbie Green,"Oliver, Short and Clark","819 Robin Port Apt. 269
South Michaelside, VA 71418","['Fried Chicken', 'Soup', 'Pasta', 'Sandwich']",72.01,Cancelled,2026-01-22 04:32:58,2026-01-29 23:10:36,Paid
e2c78a74-f0da-41b3-b5fb-913be833f8dc,Trevor Gray,Love and Sons,"562 Duffy Springs
South Mariestad, CA 50117","['Pizza', 'Salad']",16.22,Cancelled,2026-01-16 23:49:59,2026-01-17 05:24:17,Paid
fb2b4b9e-d279-45db-860f-d9fa0d93a38a,Michelle Taylor,"Saunders, Marshall and Coleman","94427 Rubio Creek Apt. 217
Bakerport, MT 91616","['Steak', 'Soup', 'Pizza']",94.53,Cancelled,2026-01-18 12:13:06,2026-01-03 23:40:50,Paid
4fef3bbe-e689-4155-8042-c3d6b7072f89,Briana Newton,"Greer, Hall and Moran","82850 Debra Lakes
West Courtney, MH 43209",['Salad'],19.08,Delivered,2026-01-06 09:32:10,2026-02-23 05:17:01,Refunded
7cce00cf-36b5-4856-a234-3977f8d6dbd1,Jamie Gregory,Lynn LLC,"488 Williams Street Suite 134
Lake Jillianchester, AL 98907","['Salad', 'Pasta', 'Tacos', 'Fried Chicken']",20.35,Delivered,2026-02-07 10:46:19,2026-01-28 17:55:11,Refunded
d5de26c0-7905-4846-b900-09eee1076d52,Jeffrey Wu,Rios-Sanders,"284 Sarah Cliff Apt. 937
Gilmorestad, WA 45914","['Sushi', 'Tacos']",86.62,Delivered,2026-02-24 18:05:12,2026-01-06 01:50:58,Paid
9676c696-2655-4ed1-8426-3cc970229c9e,Cheryl Mcbride,"Miller, Howard and Wheeler","2208 Melanie Gateway Suite 061
Toddstad, TN 85485","['Pasta', 'Fried Chicken', 'Sushi', 'Burger']",25.06,Cancelled,2026-01-04 18:21:11,2026-02-20 10:26:01,Unpaid
a8500683-84aa-46ec-9e6a-9938bcf8f34f,Ronald Gregory,"Ferguson, Chen and Nguyen","7671 Jennifer Dam Apt. 602
North Kevin, KY 65060","['Salad', 'Fried Chicken', 'Sushi']",55.51,Pending,2026-01-25 07:10:28,2026-01-16 11:52:23,Refunded
f937b873-9b6b-4ca5-b7a1-be581fd8c0f5,Renee Hardy,Luna LLC,"290 Laura Cliff Suite 103
Port Elizabeth, UT 53998","['Steak', 'Fried Chicken']",61.17,Delivered,2026-02-27 19:50:09,2026-01-03 04:47:32,Unpaid
8028ef96-eb7e-44de-95a0-05894404383a,Nicholas Zavala,Bell Ltd,"899 Glenn Shoal
Bradleyhaven, TN 75906",['Fried Chicken'],17.56,Pending,2026-01-10 04:51:41,2026-01-18 23:37:52,Unpaid
d9a17da2-4a91-4815-860f-cd36d211536e,Melissa Morgan,Davis Ltd,"Unit 0569 Box 6237
DPO AP 31461","['Salad', 'Tacos', 'Sushi']",69.14,Delivered,2026-01-29 01:50:25,2026-02-21 03:21:29,Paid
4b38747f-eb18-45eb-9b2d-80e833211942,Leonard Wright,Diaz-Villanueva,"249 Richard Crest
Mitchellborough, VT 32400",['Pizza'],44.98,Cancelled,2026-01-06 21:43:47,2026-02-13 23:24:26,Unpaid
8f265a62-a7e3-487d-b494-d0cbed7c8aa0,Christopher Smith,Griffin-Williams,"0402 Riddle Field Suite 838
East Patriciafort, AZ 92887","['Soup', 'Steak', 'Tacos']",29.92,Cancelled,2026-01-03 14:59:23,2026-01-29 15:10:32,Unpaid
8a20986c-21b1-4c30-a997-8725cc92015a,Natalie Garrett,"Chapman, Simmons and Bryant","059 Stephanie Rapid
Jessicaport, IA 35242","['Steak', 'Soup', 'Burger', 'Pizza']",96.62,Pending,2026-01-06 09:09:07,2026-02-25 01:47:01,Refunded
797725b0-bfd6-4f57-8bb1-456ee8d94baa,Lisa Brown,"Kennedy, Barnes and Mcclain","60969 Fisher Valleys
Jenkinsville, TX 03330","['Steak', 'Sandwich', 'Sushi', 'Burger']",36.16,Cancelled,2026-01-01 05:42:26,2026-02-06 03:56:41,Paid
6a182fba-9422-4a98-a288-7f9274b6de20,Denise Smith,Chang-Bell,"23095 Anne Haven
North Karihaven, MN 95385",['Sandwich'],68.17,Delivered,2026-01-12 21:42:37,2026-01-10 22:37:05,Unpaid
8fd51bf7-bcec-4c3c-9a19-5c2092ea29a7,John Johnson,Williams Inc,"887 Adams Inlet Apt. 898
South Andreafort, PR 19250",['Pizza'],66.08,Delivered,2026-02-16 09:28:27,2026-02-28 18:16:28,Unpaid
736f6978-4ad3-473b-a59c-e103d150edb6,William Woodard,"Hunt, Munoz and Petersen","89194 Allison Port
Nunezfort, ID 03262","['Salad', 'Burger', 'Tacos', 'Sushi']",25.93,Pending,2026-02-08 04:22:41,2026-02-24 05:02:02,Unpaid
56e26bfd-eabe-4568-94a0-5fdf7bb51997,David Floyd,Copeland Ltd,"246 Dale Cove Suite 622
Ryanland, HI 88840","['Salad', 'Pizza', 'Sandwich']",18.53,Delivered,2026-01-28 17:46:04,2026-02-26 18:14:31,Unpaid
f14dde68-1333-4aa2-8251-3042e7de5c61,Mr. Martin Blankenship,Ortega-Howard,"910 Downs Tunnel Apt. 712
Port Stefanie, NE 22533","['Pizza', 'Burger', 'Pasta']",86.12,Delivered,2026-01-21 16:32:45,2026-01-04 07:37:25,Unpaid
7de4b7fd-f9b2-4c01-b465-bac955e75e67,Samantha Hernandez,Dodson Inc,"3702 Lucas Port
Shepherdtown, LA 71362","['Pasta', 'Soup', 'Salad']",35.25,Pending,2026-02-18 05:38:25,2026-01-26 03:11:41,Refunded
30ec360d-8c3a-43dd-ba7f-b5ef7e1aed00,Miranda Roberts,Hill Ltd,"PSC 1026, Box 2887
APO AE 70574","['Sandwich', 'Burger', 'Pasta', 'Sushi']",38.07,Pending,2026-02-11 15:25:56,2026-02-26 14:26:56,Unpaid
474e66b7-2c41-4c96-a0f1-d1079995a273,Connor Robinson,Calhoun-Bell,"8508 Mann Port
New Linda, PR 26171","['Sandwich', 'Tacos', 'Pasta', 'Sushi']",70.08,Pending,2026-02-02 06:43:54,2026-02-07 10:11:36,Paid
1cbab874-7a5e-44c4-890f-4d6f75c6c381,John Wallace,"Farmer, Miller and Palmer","USS Deleon
FPO AE 11474","['Pasta', 'Fried Chicken']",67.59,Pending,2026-02-15 22:38:30,2026-01-06 18:11:18,Unpaid
47e6019e-06ae-4ed3-ae1c-9ba56a00108b,Kristy Fischer,Ramos Ltd,"33273 James Ferry
Davisville, DC 62874","['Salad', 'Soup', 'Burger']",44.39,Pending,2026-01-27 01:52:03,2026-01-01 14:14:17,Refunded
a540f00c-eb87-4560-a4de-116c8487b2f8,Timothy Brewer,Schroeder-Fisher,"4229 Miranda Mountains
New Eric, PA 54776","['Tacos', 'Soup', 'Pasta', 'Burger']",37.2,Cancelled,2026-01-30 22:19:34,2026-02-08 22:20:44,Paid
fe6d33d9-3af2-4b4b-a635-c3f8ad921445,Wendy Floyd,Mckinney Inc,"62871 Davidson Port Suite 938
East Dianestad, CA 05770","['Burger', 'Fried Chicken', 'Sushi']",68.45,Pending,2026-02-12 04:47:33,2026-01-10 16:26:33,Paid
6cb3421e-d70a-435a-b718-78a31330b3de,Julia Merritt,Mcclain LLC,"33894 Jeffrey Pike
West Heather, NV 33731","['Sandwich', 'Burger']",71.59,Cancelled,2026-02-16 12:04:37,2026-02-22 15:16:36,Paid
2df1e1e2-e078-4f93-8e9c-9bdeb1382df7,Daniel Downs,"Flynn, Johnson and Butler","66684 Jones Drive
Emilyside, CT 31036","['Steak', 'Sandwich']",57.62,Pending,2026-01-02 10:50:24,2026-01-02 11:57:07,Paid
8747c784-468e-42d7-88b0-98bf457777a5,Dwayne Avery,Kennedy and Sons,"3650 Parker Trail
West Robertfurt, NV 25632","['Pizza', 'Sushi', 'Steak']",25.78,Delivered,2026-01-23 17:01:18,2026-02-10 09:10:30,Unpaid
2555891c-fb5f-469b-8390-1df18e9352d1,Jason Stewart,"Lewis, Bishop and Howard","54209 Robert Flat
Port Sylviaborough, WY 05944","['Tacos', 'Sushi', 'Pizza', 'Soup']",43.26,Cancelled,2026-01-31 18:00:47,2026-02-20 07:36:16,Refunded
40a259da-d15b-4dd2-9f37-683c31dbdb74,Amanda Zhang,"Stewart, Gonzalez and Fitzpatrick","Unit 0496 Box 6229
DPO AE 24010","['Sushi', 'Pasta', 'Tacos']",98.71,Delivered,2026-01-08 12:25:28,2026-02-28 09:30:22,Paid
396c4640-e856-4403-9654-c1b27d5ce0eb,Brianna Hunt,Torres Ltd,"87630 Lopez Green
East Maria, TN 66364",['Pasta'],48.23,Delivered,2026-01-18 21:19:04,2026-01-03 16:49:38,Paid
63fba52b-36a9-4be2-a23a-674643f3fa38,Andrew Moran,"Barry, Schmitt and Key","774 Martinez Mountains
West Richard, NE 66477",['Sandwich'],35.2,Cancelled,2026-01-30 23:55:30,2026-02-28 18:31:13,Paid
68b90038-ad58-43ea-9e19-2c40c4074fd3,Suzanne Davis,Ali-Mitchell,"533 Danielle Stream Suite 737
Grayton, PW 03741","['Sandwich', 'Soup', 'Pizza']",78.08,Pending,2026-02-13 19:07:17,2026-01-02 00:41:50,Unpaid
8b118caa-d8ec-44b5-bf66-270e9741746c,Jordan Rodriguez,Sawyer-Reilly,"858 Julie Inlet Suite 879
North Daniel, CT 09690","['Burger', 'Fried Chicken', 'Pizza', 'Soup']",25.76,Cancelled,2026-01-16 03:06:21,2026-01-15 20:33:59,Unpaid
c11ad3da-1997-4c5e-9f13-aacc782388f1,Michael Willis,Reynolds-Flores,"USS Lucero
FPO AE 25928",['Soup'],87.89,Pending,2026-01-06 00:34:14,2026-03-01 02:51:17,Refunded
fdf9ee3f-47e9-48b4-9a47-3e128c9bb400,Robert Stewart,Espinoza-Howell,"84991 Knight Keys
New Alexanderside, DE 70803","['Sandwich', 'Tacos', 'Burger']",36.8,Cancelled,2026-02-13 14:08:29,2026-01-23 17:16:46,Unpaid
9bba0a76-0009-4733-8e16-266b6eaf3605,Brianna Bush,Gregory Inc,"96212 Thomas Run Suite 958
Nguyenchester, CT 69473","['Tacos', 'Salad', 'Steak']",45.24,Pending,2026-01-01 05:31:40,2026-01-16 13:00:14,Paid
2654d83f-facb-4a8a-ad25-743b44c6469b,Nicholas Moran,"Jones, Russo and Liu","236 Davis Spur Suite 015
Lake Sarahton, FL 20003","['Steak', 'Sushi', 'Pizza']",52.91,Pending,2026-01-21 11:23:30,2026-03-01 23:45:04,Unpaid
bda89748-3691-4638-b581-8026abf0c3f8,Kelli Cortez,"Massey, Stewart and Farmer","9337 Archer Glen
East Josephtown, ND 45836","['Burger', 'Steak', 'Salad', 'Fried Chicken']",18.78,Cancelled,2026-01-23 08:27:09,2026-01-31 04:23:23,Refunded
5ce9cbc0-781d-4143-b399-11c6f3a4e00f,David Davis,Hill-Farmer,"34144 Garcia Manor
Ericchester, NE 54958","['Sandwich', 'Tacos', 'Steak', 'Burger']",80.99,Cancelled,2026-01-23 06:43:50,2026-01-10 22:37:05,Refunded
dc41fca0-9a71-495e-9ab8-6f9afef1d046,Randy Robertson,Anderson Ltd,"897 Burnett Ridge
West Noah, MN 30506","['Fried Chicken', 'Steak', 'Salad']",85.65,Cancelled,2026-01-28 15:01:54,2026-02-25 09:51:15,Paid
e0cc9196-ea95-405c-9a55-47eacb82f48e,Madeline White,"Brown, Smith and Howard","44077 Meghan Cove Suite 653
Randychester, NC 78420",['Steak'],67.01,Cancelled,2026-01-01 10:03:47,2026-02-08 02:18:55,Paid
83355abd-18f4-42ae-ad84-3079e45317c4,Mrs. Carol Murray,Nelson-Shepherd,"32036 Campbell Manor Apt. 605
Pageland, CA 41108",['Salad'],55.69,Delivered,2026-01-03 17:12:32,2026-01-15 16:12:38,Refunded
50964aa5-f653-4244-b9e0-8ce2a3b60943,Sarah Moody,Perez Ltd,"1490 Erika Course
Catherineside, AR 46442",['Burger'],33.11,Pending,2026-02-13 19:46:53,2026-01-30 16:28:33,Unpaid
ec85c36d-41d3-4c66-ac80-4c45d8bad821,Mariah Wolfe,Miller-Taylor,"PSC 9394, Box 7791
APO AP 83009","['Salad', 'Soup', 'Tacos', 'Pasta']",52.55,Cancelled,2026-02-11 22:16:33,2026-02-27 08:56:00,Paid
5139866f-f883-48b7-9e3f-51afd5aa2d1f,Yolanda Bray,Walker-Jenkins,"4025 Carter Burg Apt. 421
Andrewfort, VA 71159",['Pasta'],60.22,Pending,2026-01-21 03:14:30,2026-01-30 04:24:31,Unpaid
20332f24-b1b1-4644-a6ab-56622bb78bf5,Amanda Bauer,Fischer-Walters,"71955 Jennifer Haven
Port Theresahaven, AS 90535","['Steak', 'Sandwich']",16.32,Delivered,2026-01-25 13:24:49,2026-01-18 18:03:17,Refunded
ffc78089-8af7-48f6-8a45-eb90ab7fcd1d,Connie Wright,Le PLC,"40513 Paul Point Suite 018
Thomasberg, CT 72344","['Burger', 'Steak', 'Sandwich', 'Sushi']",55.75,Pending,2026-01-17 19:27:04,2026-03-02 12:56:22,Unpaid
6a969eae-e8bf-4980-8895-c404d3b7770e,Becky Morrow,"Matthews, Beard and Carpenter","Unit 9049 Box 5577
DPO AE 72240","['Salad', 'Sushi']",22.59,Delivered,2026-01-28 20:07:30,2026-01-22 06:56:46,Refunded
a6f4354f-2353-4339-a2bc-1b277d7f5db1,Amber Barnes,"Morse, Franklin and Romero","8696 Betty Spurs Suite 948
North Tiffanyburgh, OH 62437","['Soup', 'Sandwich']",76.13,Delivered,2026-02-05 03:15:54,2026-02-09 07:13:49,Paid
836086ed-261f-4fb8-b6d8-161ce68471df,Kimberly Combs,Robertson PLC,"86606 Tommy Road Apt. 612
Bryanborough, FM 63293","['Sandwich', 'Pasta', 'Salad']",57.1,Pending,2026-02-05 13:52:09,2026-02-23 23:28:43,Unpaid
4cefc52a-c473-4638-b5a7-f6ce45af6435,Gregory Stafford,"Jones, Pham and Ochoa","512 Mora Prairie
North Charlesport, NH 55940",['Sushi'],90.47,Delivered,2026-02-12 22:40:05,2026-03-02 11:44:14,Unpaid
72bbb69c-8c70-450e-a2db-a5c421922f26,Cindy Mcclain,"Brown, Taylor and Glass","55014 Cook Camp Suite 905
Marcusport, NC 67146","['Steak', 'Pizza', 'Soup']",38.13,Delivered,2026-01-03 00:10:53,2026-02-23 08:50:48,Paid
5c4697ca-5238-4e80-b30d-c8d700bd5d0f,Christine Hall,"Smith, Brewer and Johnson","PSC 7802, Box 1017
APO AE 64316","['Fried Chicken', 'Pasta']",22.18,Pending,2026-01-16 23:13:49,2026-02-05 05:52:15,Unpaid
2e622f7f-80e8-45c9-96c4-79d8f33b4284,Dr. Randy Torres,Pitts-Martinez,"5915 Petersen Fields
New Jennifertown, LA 92817","['Tacos', 'Sushi', 'Sandwich']",42.23,Cancelled,2026-02-13 12:05:08,2026-02-09 17:52:25,Refunded
d248529c-fdd1-48f9-807f-3edd6f91a070,Ashley Padilla,"Taylor, Quinn and Nunez","4523 Jessica Harbors
New Markchester, VA 87930","['Tacos', 'Sandwich']",42.48,Delivered,2026-02-27 12:15:23,2026-01-09 20:16:12,Unpaid
d08370fa-49d7-40f3-b24a-05d618149e99,Louis Miller,"Hall, Lowery and Merritt","905 Andrew Groves Apt. 847
Coxchester, OH 40748",['Soup'],51.86,Cancelled,2026-01-10 05:40:44,2026-02-24 05:36:53,Paid
fc43b600-dba9-4df2-bd77-bf5b8318e414,Vicki Rowe,Morgan-Freeman,"1881 Lopez Coves Suite 758
Erikashire, VI 69661","['Pizza', 'Soup']",85.88,Cancelled,2026-01-07 02:46:55,2026-02-17 10:33:24,Paid
40146e74-f84a-4571-9d43-239b507cf5ed,David Ryan,Long-Guerrero,"039 Smith Gateway
West Melissa, AR 02428","['Sushi', 'Tacos']",43.15,Cancelled,2026-01-28 17:35:57,2026-01-05 09:46:44,Unpaid
75915708-ba09-4a52-bf69-664988a3d218,Jasmine Brooks,Howell Ltd,"225 Dorothy Well
Mooreborough, ME 45283",['Steak'],24,Cancelled,2026-02-03 13:40:35,2026-01-23 04:31:13,Unpaid
015cd2b7-cf7b-41fb-9e2e-73b56770a924,Ricky Ewing,Matthews-Rodriguez,"885 Melissa Plains
South Debra, AK 25552","['Fried Chicken', 'Burger']",44.39,Cancelled,2026-02-07 02:02:58,2026-01-22 09:17:41,Unpaid
d920cf81-9583-446e-aca2-db62368fd3cb,Robert Kennedy,"Glover, Graves and Hill","Unit 6194 Box 7433
DPO AE 93698","['Pizza', 'Sandwich', 'Sushi']",84.1,Cancelled,2026-02-23 00:22:05,2026-02-03 05:08:27,Paid
b5cbcf51-eb2a-4e20-8e4c-38add89adebe,George Sawyer,Rollins-Rosario,"2469 Kathy Dale Suite 295
West Markville, VT 15505","['Tacos', 'Salad', 'Sandwich']",91.59,Cancelled,2026-01-20 11:06:32,2026-01-25 22:52:07,Paid
1022622b-a3ab-42d9-b78d-fca13970855f,Carla Taylor,Gordon LLC,"99766 Murphy Overpass
North Brookemouth, OH 04082","['Sandwich', 'Burger', 'Soup']",46.31,Cancelled,2026-02-19 02:10:49,2026-02-18 13:53:24,Refunded
f4a66f6b-c13a-41bd-a0db-7ca6b02ac505,Jason Phillips,"Jones, Grant and Day","7026 Jennifer Trail
Osbornbury, GU 72669","['Burger', 'Sushi', 'Tacos']",69.27,Delivered,2026-02-21 02:52:09,2026-02-09 00:15:03,Refunded
24dd5323-8042-44e5-8f18-0776c296cd3d,Dawn Williams,Wood-Pearson,"95843 Christopher Squares Apt. 718
Cookfurt, CO 31060",['Soup'],40.68,Pending,2026-01-05 10:31:48,2026-01-15 16:01:39,Refunded
f0eb6031-d54d-418e-90e3-6e423a1cd3cf,Carol Edwards,Clark-Dunlap,"618 Davis Orchard
Tammystad, MD 35478",['Salad'],80.69,Cancelled,2026-02-09 18:19:27,2026-01-18 01:36:41,Paid
0a2dfd1c-6599-4a69-8b6e-965381794679,April Atkins,"Nguyen, Johnson and Delgado","033 Armstrong Rapid
Lake Melissashire, WV 68879","['Salad', 'Sushi']",53.43,Cancelled,2026-02-08 06:25:57,2026-02-24 20:03:28,Unpaid
bf16d38c-9fee-4836-b37e-a541cfd124dd,Anna Davis,Gonzalez Inc,"Unit 8802 Box 0055
DPO AE 65916","['Steak', 'Pizza', 'Tacos', 'Sandwich']",22.05,Delivered,2026-03-01 05:24:28,2026-02-20 05:17:25,Refunded
4c32414e-8f00-41f6-b86a-3fa4e267cc64,Michelle Smith,Perry-Sutton,"PSC 4610, Box 9469
APO AA 41375","['Salad', 'Pizza', 'Soup']",86.79,Delivered,2026-01-03 21:38:19,2026-01-25 23:06:18,Refunded
a8d46545-de7e-4578-940c-0b51b25dec69,Carlos Harris,Hernandez-Mason,"85273 Lewis Estates Apt. 430
Michaelland, PW 07874","['Pizza', 'Salad']",65.32,Cancelled,2026-02-14 06:47:09,2026-01-31 02:53:47,Refunded
f3b52cfa-9a08-4845-981c-793f90363477,John Williams,Sellers-Ryan,"40464 Mary Island
Veronicaside, NM 15050","['Soup', 'Pasta', 'Sushi', 'Sandwich']",82.01,Pending,2026-03-02 08:46:28,2026-02-12 12:52:16,Refunded
10cfa6f0-14a7-48b9-9477-ea0f983d7ad7,Erin Palmer,Wright LLC,"779 Anderson Trace Suite 777
Henryfurt, ND 55598","['Steak', 'Pasta']",94.93,Pending,2026-01-09 05:00:20,2026-02-08 10:12:36,Paid
0c16811f-2d24-46bb-b2f0-ab9adf8afc22,Allison Mcdonald,Kim Ltd,"2295 Wright Key Apt. 592
West Adam, CA 62299","['Steak', 'Salad', 'Burger']",29.13,Pending,2026-01-31 08:12:27,2026-02-11 23:52:32,Paid
1d9cff6a-b7f1-4e53-98e5-44f198513618,Michael Aguilar,Bradley and Sons,"28195 Webb Flat
Cookview, NM 19781","['Sushi', 'Sandwich', 'Steak']",98.83,Delivered,2026-01-26 07:15:32,2026-02-01 01:00:02,Unpaid
00834ec8-79bc-4d2d-8bc6-0dd4e6440009,Tiffany Shaffer,Dawson LLC,"234 Cohen Mall Suite 084
South Kathy, WV 80214","['Pizza', 'Fried Chicken']",19.62,Delivered,2026-02-02 13:34:02,2026-01-31 07:05:41,Paid
75bf9789-4126-4aa1-9fd2-3fb6db807af0,Kimberly Clark,"Koch, Sanders and Tran","89838 Katherine Cliffs Apt. 084
Gonzalesfort, IN 07541","['Salad', 'Fried Chicken', 'Tacos', 'Pizza']",92.4,Pending,2026-01-10 11:43:21,2026-02-06 11:23:48,Refunded
4e70553c-49cd-4b57-8064-c05cbb8d5379,Jay Irwin,"Graves, Ellis and Morrow","1080 Kyle Island
Lewistown, VT 32282",['Tacos'],62.97,Cancelled,2026-02-25 02:53:30,2026-01-30 08:58:13,Unpaid
3c412e9f-4e87-4f5c-a651-0269aadeea34,Jesse Cole,"Peterson, Sloan and Howell","615 Mcdonald Burg Suite 454
Port Desireetown, VA 76474","['Steak', 'Soup', 'Tacos', 'Fried Chicken']",33.71,Cancelled,2026-01-27 06:35:00,2026-02-05 02:05:56,Paid
a19784cb-c442-4175-a487-7a16536995ea,Andrea Conner,Li Group,"4780 Deborah Ways Apt. 711
Christineport, ME 18023","['Pizza', 'Steak', 'Burger', 'Sushi']",82.34,Delivered,2026-02-14 04:56:02,2026-02-10 07:30:27,Paid
1d305660-0e72-4bcc-a962-d605311fe343,Olivia Payne,"Riggs, Gardner and Fox","3138 Erica Ford Apt. 113
Lopezfort, CA 49615","['Pasta', 'Tacos']",66.21,Cancelled,2026-01-08 19:43:39,2026-01-08 17:18:04,Paid
c29d76b7-5bdd-4ffb-bc3f-9f155d4441f3,Dawn Hall,Mills and Sons,"61843 Osborne Keys Apt. 700
Haydenchester, WV 07013","['Sandwich', 'Fried Chicken', 'Burger']",71.5,Delivered,2026-01-08 20:12:46,2026-02-07 18:46:10,Unpaid
df825e7a-df4c-44b3-af69-fbe4cc64f7ec,Ronald Ryan,Taylor-Hawkins,"73736 William Roads Apt. 542
Johnsonborough, IA 09892","['Soup', 'Steak', 'Burger', 'Sushi']",81.56,Cancelled,2026-03-02 11:33:58,2026-01-23 14:22:03,Unpaid
b05242f6-cdff-40f3-a293-6abbd4991027,Stephanie Arias,Bowman PLC,"8410 Maria Drives
West Coryshire, FL 10120","['Salad', 'Steak']",21.44,Pending,2026-01-20 23:44:52,2026-01-01 15:04:13,Unpaid
ee23ec50-d122-4679-b8cc-d98bb9d271a5,Jeffery Brown,"Garcia, Miller and Silva","5464 Bethany Wall Suite 553
Barbaraton, WI 80975",['Tacos'],78.28,Pending,2026-01-06 21:29:40,2026-01-30 08:40:00,Unpaid
820a99da-4f7e-43f9-b322-833df44ad5ad,Jessica Jacobson,Schmidt-Lopez,"4744 Coleman Cape
Dustinton, MH 97122","['Burger', 'Sandwich']",65.76,Pending,2026-02-22 00:00:24,2026-02-05 10:49:30,Refunded
4f5fc3f7-2585-456f-ac18-b91f7943dbf6,Nicole Rice,"Barnett, Mckinney and Stanley","3741 Holmes Plains
South Ginatown, IL 77336","['Pizza', 'Sandwich', 'Fried Chicken']",63.66,Pending,2026-01-13 21:19:35,2026-02-18 18:23:51,Unpaid
2a64aec2-2af1-403c-b107-b351be04ebe0,Megan Hanson,"Cuevas, Lee and Callahan","311 Alexander Islands Suite 219
Mejiaton, LA 28629","['Sandwich', 'Pizza', 'Burger']",57.67,Cancelled,2026-01-04 14:43:31,2026-03-01 08:20:33,Refunded
27c68107-e2dd-4068-b090-d386a993c586,Richard Beck,Delgado-Clark,"23217 Maureen Manor
Craigside, OK 85960","['Sandwich', 'Steak', 'Burger']",43.3,Delivered,2026-02-05 22:47:03,2026-01-19 11:07:58,Unpaid
40196094-b8e7-4b25-826e-02c08a2acbc6,Angela Pena,"Bush, Nelson and Strong","PSC 3199, Box 0452
APO AE 17017","['Sushi', 'Salad', 'Pasta', 'Tacos']",48.18,Pending,2026-02-24 22:00:31,2026-02-07 23:00:44,Refunded
6228415c-6373-4167-b896-4a2abcea9d0f,Kimberly Meyers,Powers-Riley,"264 William Ranch Suite 560
North Brianchester, AZ 85967",['Pasta'],15.3,Delivered,2026-02-24 01:25:52,2026-02-21 10:42:51,Refunded
e650f9ee-90df-4964-82ab-5d6d695ffa77,Stephanie Wagner,Hill-Wilson,"521 Rebekah River Apt. 410
Moorefurt, DE 68474","['Sushi', 'Burger']",91.59,Cancelled,2026-01-01 19:34:41,2026-02-23 13:36:51,Paid
32e0d670-83c4-41c9-8e17-064901312943,Manuel Cook,Henderson-Bauer,"46457 Glenn Lock Suite 444
Lake Cheryl, VT 56642",['Sandwich'],34.29,Delivered,2026-01-15 21:47:46,2026-01-02 21:47:21,Refunded
fb441da7-3f36-4b37-b82f-9b8bab73e7f2,Tina Bryant,Rodgers PLC,"180 Stephen Passage Suite 295
Ericbury, IN 25823",['Pizza'],33.64,Cancelled,2026-02-24 08:49:20,2026-02-07 16:25:31,Refunded
aecf16c2-76e7-47d3-a9b5-0d640fedcf5e,Brenda Nelson,"Gordon, Garcia and Black","051 Michael Turnpike Suite 005
Ayalaview, AL 74794","['Sandwich', 'Steak', 'Tacos']",80.63,Pending,2026-01-10 00:35:28,2026-02-04 11:19:58,Refunded
131f26dd-4da8-449c-9594-59c8ceb008f1,Thomas Adams Jr.,Calhoun LLC,"67631 Jaime Mill
Ellisport, NJ 59639","['Pizza', 'Tacos', 'Pasta', 'Fried Chicken']",61.06,Pending,2026-02-19 08:10:04,2026-01-26 09:44:10,Paid
8e68ab35-5a4b-4fa5-9c8e-47aee21c5956,Rose Davidson,"Figueroa, Bell and Williams","897 Alexis Ville
Joneschester, GU 21761","['Soup', 'Pizza', 'Tacos']",77.67,Pending,2026-01-31 02:48:21,2026-02-16 09:09:11,Paid
a2049ba1-ee13-4083-9f07-d0c98875a1f2,Jason Jackson,Price-May,"25434 Amy Flat Apt. 991
South Wesleychester, DE 47521","['Sandwich', 'Tacos', 'Fried Chicken', 'Steak']",59.7,Delivered,2026-01-28 12:24:02,2026-02-28 01:11:14,Refunded
ef32cfcc-a25a-4fd2-9a14-57180ef3e47f,Teresa Palmer,"Evans, Wilson and Williams","7465 Kristi Landing
Hatfieldborough, CA 64153",['Salad'],26.68,Pending,2026-02-04 07:00:46,2026-01-12 20:35:12,Refunded
d4e61dae-caca-41c5-bd22-0c756c04d541,Erin Li,"Romero, Lewis and Lynch","4424 Robert Route Apt. 347
North Tina, GA 40958","['Pasta', 'Steak']",46.4,Cancelled,2026-01-27 19:53:21,2026-01-19 06:52:07,Unpaid
3eb29940-86cb-41e0-b5a8-8e2ff7b3e5aa,Antonio Hernandez,Brown Group,"970 Allen Shore
Davidfort, CO 94324","['Pizza', 'Fried Chicken', 'Pasta']",22.4,Delivered,2026-01-16 01:06:15,2026-01-15 23:14:16,Paid
9ed3c618-3f4f-4d94-a0d2-72a8b301cfb8,Justin Edwards,Garcia-Coleman,"760 Ryan Key Suite 734
New Misty, SC 45516","['Pizza', 'Sandwich']",27.54,Pending,2026-01-01 04:27:07,2026-02-27 09:21:10,Paid
57168f8f-8aea-4ae7-889b-ac426b9c2485,Samantha Holt,Ortiz Group,"38369 Kathleen Viaduct Suite 188
Danielhaven, MP 73104","['Pizza', 'Soup', 'Sandwich']",86.24,Pending,2026-02-14 03:48:50,2026-01-16 03:27:53,Unpaid
e874c270-04da-4569-b23c-0d8da4513886,Kelly Mays,Wiggins-Stokes,"USNS Jones
FPO AP 89713","['Soup', 'Sandwich']",99.16,Delivered,2026-01-18 15:47:31,2026-02-06 00:01:54,Unpaid
2a3514b8-8489-432d-8b36-d8b9ca01f803,Christine Mcdonald,Steele-Rich,"230 Carson Stravenue Suite 968
New Tommyfurt, CT 73144","['Soup', 'Fried Chicken', 'Burger', 'Steak']",79.98,Delivered,2026-01-11 17:52:18,2026-02-19 01:38:40,Paid
571d11b1-c005-4767-b6e9-52cc3fe02aac,Nicholas Thomas,Serrano-Caldwell,"5003 Carroll Station
Lake Margaretborough, IA 14173","['Steak', 'Sushi', 'Soup']",76.33,Pending,2026-02-26 22:02:35,2026-01-15 23:49:27,Refunded
89f55e68-05ff-44b3-8a55-4f9d23eedd9a,Christina Mann,Sharp LLC,"1068 Valerie Ferry Apt. 737
Shirleytown, NJ 85327","['Burger', 'Steak', 'Sandwich']",67.31,Pending,2026-02-01 22:35:39,2026-01-21 05:44:56,Unpaid
35e8675e-7155-4bd8-9cf7-464766c5832d,William Maxwell,Kelley Inc,"323 Shane Ways Apt. 426
Lake Jeffrey, CA 48347","['Soup', 'Fried Chicken', 'Tacos', 'Salad']",24.11,Delivered,2026-02-10 00:58:02,2026-02-23 15:12:18,Refunded
95918e68-005e-4766-bbfb-8b92234d19db,Sharon Stephenson,Serrano Inc,"52666 Preston Lodge Suite 757
Port Lisa, PA 56253","['Salad', 'Tacos', 'Pizza', 'Soup']",88.65,Cancelled,2026-01-24 03:30:05,2026-01-01 23:57:30,Unpaid
7dff5865-34aa-4144-b216-5ba767f5e134,Mrs. Kimberly Hartman,"Henderson, Hutchinson and Thompson","0982 Jennifer Locks
Port Emmamouth, VT 99217","['Sandwich', 'Pasta', 'Tacos', 'Pizza']",63.59,Cancelled,2026-02-08 01:52:18,2026-01-26 20:13:32,Refunded
7a129e54-4268-44f4-94a7-57e5acafd940,Brittany Wallace,Myers LLC,"85936 Nicole Mountains Suite 718
Karentown, DC 83232","['Pasta', 'Tacos', 'Salad', 'Steak']",77.28,Pending,2026-01-30 23:13:32,2026-02-15 21:38:20,Refunded
fceae57e-1eb4-4933-9ee2-861435f9da34,David Klein,"Erickson, Collins and Downs","3270 Daniel Crescent Apt. 609
Lisaberg, NV 43177",['Sushi'],95.17,Delivered,2026-01-06 17:28:50,2026-01-14 19:24:57,Unpaid
a340547e-7e28-4600-8987-8aff92eab13a,Melanie Johnson,Wolfe LLC,"676 Eric Shore
West Jeffreymouth, NC 33248","['Soup', 'Pizza', 'Fried Chicken']",47.1,Pending,2026-01-04 10:03:38,2026-01-16 00:39:18,Unpaid
0f231f33-3bc8-41ba-90a7-c775922a9682,Bradley Sanford,Stone-Wilkins,"4738 Santana Pine Apt. 164
Lake Tammy, VI 85421","['Fried Chicken', 'Pizza', 'Burger']",59.86,Delivered,2026-01-10 02:43:51,2026-03-01 09:22:42,Refunded
5f067648-179c-439f-915f-f2f8172e9f75,Brandon Smith,"Ortega, Landry and Jimenez","PSC 2077, Box 9883
APO AP 64010","['Sushi', 'Fried Chicken', 'Salad', 'Tacos']",33.82,Cancelled,2026-01-06 10:57:46,2026-01-26 06:37:55,Unpaid
c81a81f4-987c-4f23-9b54-ef77518e95f3,Lynn Blackwell,Luna Group,"4565 Luis Prairie Suite 660
South Seanborough, VA 42212","['Pizza', 'Sandwich', 'Pasta', 'Burger']",58.74,Cancelled,2026-03-02 03:24:38,2026-02-14 19:05:24,Unpaid
2a7b1a20-e165-44f0-bea4-15726fea4fe6,Rebecca Rios,"Cole, Frost and Porter","3817 King Cliffs
Johnsonchester, TX 29030","['Pizza', 'Soup', 'Pasta']",94.09,Cancelled,2026-02-20 09:38:57,2026-01-13 20:28:45,Unpaid
ef882eaa-99cd-49bf-a137-8a950c131d37,Kendra Hendricks,Turner-Scott,"49449 Randy Greens
Manningchester, AL 71895","['Pizza', 'Steak', 'Tacos', 'Sandwich']",73.17,Cancelled,2026-02-11 17:18:09,2026-01-14 07:29:46,Unpaid
9318e58e-ec2f-447b-8025-5fdc45ef007b,Courtney Berry,"Brock, Craig and Chambers","49594 Miller Skyway
East Richardview, NM 29711",['Tacos'],32.06,Cancelled,2026-01-12 03:41:56,2026-02-20 00:08:16,Refunded
2f5fa52b-70eb-4416-9531-8ccfb089efdb,Sydney Byrd,Robinson and Sons,"465 Mccoy Lodge
East Rosefurt, MI 37669","['Sushi', 'Sandwich']",84.79,Delivered,2026-01-24 02:49:28,2026-01-18 22:38:31,Refunded
088baab1-841f-44b4-b80e-89048e8c7b8d,Brandon Avery,Miller-Foster,"03825 Bowman Wall
South Christopherchester, DC 50785","['Burger', 'Pasta', 'Pizza', 'Soup']",21.82,Pending,2026-02-16 20:33:04,2026-01-04 17:40:26,Unpaid
207ae6e0-a2a0-4688-9822-f74bdc885fd8,Steven Roman,White Group,"3355 Heidi Shoal Apt. 449
West Nicoleborough, GA 53289","['Salad', 'Tacos', 'Sandwich']",82.36,Delivered,2026-02-09 23:11:41,2026-02-03 08:53:54,Unpaid
bf27b911-23d5-411d-8998-4d7bad74ebf8,Matthew Powell,"Orr, Price and Reyes","PSC 7881, Box 2212
APO AP 87937","['Sushi', 'Sandwich']",15.3,Delivered,2026-02-25 00:38:42,2026-02-27 01:45:12,Unpaid
b18589bf-814a-49d1-95b7-230fae2bad91,Jonathan Mathis,Rodriguez-West,"74990 Smith Green Suite 156
West Brian, PA 65263","['Pizza', 'Pasta', 'Burger', 'Steak']",94.85,Cancelled,2026-02-23 10:03:42,2026-01-27 10:32:31,Paid
bb5579ba-0ffc-4318-9707-465628f6fe58,Noah Garcia DDS,Martinez Group,"603 Zachary Manor
North Alicia, MO 47438","['Pizza', 'Fried Chicken', 'Sandwich', 'Pasta']",17.42,Pending,2026-02-02 21:40:05,2026-01-04 05:38:35,Refunded
5f48b344-29f3-4f94-a792-20fbdbd4be1f,David Martin,Nunez-White,"77215 Owen Isle Suite 321
Lake Angelaborough, GA 52097","['Steak', 'Pizza', 'Soup']",15.16,Cancelled,2026-01-20 03:58:06,2026-01-05 16:11:59,Paid
ef9d8986-270a-4f15-99fd-765dea6b0069,Cathy Patterson,"Lewis, Martinez and Graham","237 Megan Circle Suite 417
Taylorstad, CT 66091","['Fried Chicken', 'Salad', 'Sushi', 'Steak']",54.65,Cancelled,2026-02-27 18:43:57,2026-02-14 21:38:19,Paid
3c604a00-d5f6-46e3-9b81-f42e0539c98e,Daniel Zimmerman,Garcia LLC,"3874 Ann Place Apt. 798
Shannonmouth, WY 35707","['Salad', 'Burger', 'Pizza']",90.7,Pending,2026-01-17 14:51:16,2026-01-31 20:28:08,Refunded
49e8b4ef-281d-4a0f-a6be-6e2ead4fc774,Dr. Carolyn Manning MD,Pena-Bailey,"7596 Martin Plaza Apt. 310
Pereztown, MA 17918","['Burger', 'Fried Chicken', 'Soup', 'Sandwich']",49.96,Delivered,2026-01-24 10:50:07,2026-01-12 04:23:53,Refunded
ac953097-2edb-4e06-baf0-42e1f26b9a09,David Pittman,"Barajas, Brooks and Warren","920 Arthur Ranch
South Heatherton, UT 33658","['Sandwich', 'Fried Chicken']",33.43,Cancelled,2026-03-02 11:06:48,2026-02-20 06:40:18,Refunded
c80e1df1-e7fd-4cbf-b90a-c067f450e623,Joshua Watson,Miller and Sons,"2491 Greene Station
West Heatherview, MP 64943","['Soup', 'Burger', 'Pasta']",24.5,Cancelled,2026-01-06 18:02:10,2026-01-26 04:25:47,Paid
88087f75-9a3e-4839-a811-3fee8d7c2171,Paula Brown,Watts and Sons,"307 Patel Points Suite 008
North Kim, NC 11834",['Tacos'],89.01,Pending,2026-02-11 16:37:45,2026-01-21 18:42:39,Paid
a8fc0762-c0de-4596-8b81-0709db588888,Michael Washington,"Robinson, Williams and Bishop","70973 Debbie Burgs Apt. 282
Danielside, AR 27082","['Steak', 'Salad', 'Tacos', 'Pizza']",17.76,Cancelled,2026-01-30 15:00:00,2026-01-11 21:02:15,Unpaid
7a8f4004-c4c3-402c-87b5-ce0f8c15cdf4,George Willis,Torres-Mitchell,"19846 Sally Gateway
Moralesmouth, HI 34810",['Soup'],89.74,Pending,2026-02-08 08:58:21,2026-02-08 03:01:37,Refunded
417c97fa-8e61-4c9c-baea-e28ae0247a1b,Rebekah Duncan MD,"Gonzalez, Nguyen and Church","1426 Nash Route Suite 669
Martinland, LA 71696","['Pasta', 'Soup']",30,Cancelled,2026-02-27 23:27:20,2026-01-23 09:40:27,Unpaid
2ef3f6d6-c280-4bd1-b89b-fd98094fdb3b,Dennis Cooley,Nguyen-Mckay,"85075 Flores Mall Apt. 146
New Sheila, AK 37929","['Salad', 'Steak', 'Sandwich']",33.98,Pending,2026-01-25 04:25:57,2026-01-20 17:04:33,Paid
de2e5ac0-0813-4264-bb65-81025816165f,Elizabeth Jones,Hinton-Harrison,"478 Ryan Light Suite 133
Lake Katelynborough, IA 87814","['Pasta', 'Soup']",66.43,Cancelled,2026-02-16 07:33:37,2026-01-14 04:59:40,Paid
e8212e43-fa8a-4caf-ab5a-4b5f5037f828,Cindy Strickland,Cain Ltd,"131 Daniel Harbors Suite 179
Landrychester, NC 45663","['Pizza', 'Burger']",45.42,Delivered,2026-02-16 18:33:09,2026-01-23 18:34:34,Refunded
99283aef-80ab-42c0-90f7-0553bf8f8370,Diana Mercer,"Stein, Hughes and Gilbert","089 Sheri Estates Apt. 313
North Brendamouth, WI 54674","['Steak', 'Tacos', 'Pasta']",31.69,Pending,2026-02-15 05:19:54,2026-01-22 16:09:58,Unpaid
bd57397d-7c37-4cca-90b9-2bdd787b23e1,George White,Gordon-Adams,"5735 Scott Walk
North Tonya, CO 71729","['Pasta', 'Burger', 'Salad']",24.97,Delivered,2026-02-07 14:10:15,2026-01-28 16:44:06,Refunded
a9640457-5168-480a-9f47-6ce72f6d2f3a,Edward Norman PhD,Hudson LLC,"78189 Joshua Viaduct
Perezside, CO 39542","['Pizza', 'Burger', 'Fried Chicken']",60.35,Pending,2026-02-14 05:57:56,2026-01-11 05:10:39,Paid
96d4fc76-8bd4-4010-b240-71ed043ca2e6,Sandy Wallace,Sullivan LLC,"Unit 6056 Box 9086
DPO AP 16711","['Steak', 'Fried Chicken', 'Burger', 'Pasta']",61.96,Delivered,2026-02-20 13:06:44,2026-01-03 01:09:53,Unpaid
38c888bf-756b-4693-b38d-bdfe894831c7,Kristen Johnson,Moore-Nguyen,"3486 Jacob Island
Port Tamaramouth, AS 42691","['Pizza', 'Fried Chicken', 'Soup']",85.49,Delivered,2026-01-20 21:24:31,2026-01-07 07:32:06,Paid
08681e78-9651-4137-a295-dc07606e34a9,Corey Roberts,"Cochran, Berger and Frazier","8137 Flores Lodge
Patriciatown, OK 77822","['Pizza', 'Pasta']",93.05,Pending,2026-01-04 12:13:23,2026-02-27 05:07:36,Refunded
e4193f35-cbf0-4e83-a90d-b58f7412e7c8,Jeffrey Steele,May and Sons,"31771 Dickerson Walks
Annville, GU 19661","['Sushi', 'Fried Chicken', 'Sandwich']",42.49,Delivered,2026-01-25 19:48:05,2026-02-27 18:34:33,Paid
186f4f10-cdf2-4058-8402-21e6e9ba8477,Mary Collins,"Bates, Bell and Ingram","70371 Hannah Forge Apt. 023
Lake Amyville, VA 76685","['Salad', 'Sushi', 'Tacos', 'Soup']",15.67,Cancelled,2026-01-04 03:00:25,2026-01-11 05:05:30,Paid
da9dbad3-5c2a-4176-bfad-e3f081d30a27,Lauren Clark,Garcia-Wallace,"0594 Robert Isle
Higginsmouth, OK 32275",['Pizza'],54.12,Cancelled,2026-01-25 20:24:37,2026-01-26 13:28:33,Unpaid
09668b0d-b82d-4d61-85f7-89dd5f688d2e,Zachary Scott,"Garcia, Williams and Johnson","6853 Daniel Tunnel Apt. 091
Gallegosfurt, WA 05380","['Pasta', 'Sushi']",25.65,Cancelled,2026-01-28 13:35:37,2026-02-07 15:03:02,Unpaid
daeb9853-5ea0-47b6-9ab5-df96bfff644d,Jeff Hernandez,"Little, Davis and Cochran","40196 Nancy Cliff Suite 283
Stuartview, FL 39154","['Sandwich', 'Steak', 'Pizza']",36.84,Cancelled,2026-02-19 16:10:51,2026-02-03 09:34:00,Unpaid
bce7c9a9-2faa-4667-a9ae-6b51977bc6f1,Lawrence Anderson,"Coleman, Johnson and Durham","5795 Cole Track
Yatestown, PR 69512",['Fried Chicken'],84.04,Delivered,2026-02-22 06:03:48,2026-01-13 10:52:33,Refunded
30c97892-1e09-4679-b66c-a47f8310def8,David Brown,Yoder-Jacobson,"05266 Robles Union Apt. 347
Reidburgh, WV 80620","['Steak', 'Sandwich', 'Pizza']",40.38,Pending,2026-01-13 10:18:33,2026-02-06 12:22:31,Refunded
d8c8e397-b15a-4c5d-beb1-612a792839aa,John Lee,Jordan-Jones,"298 Emma View Apt. 275
Blankenshiphaven, AR 69571","['Sandwich', 'Pasta', 'Fried Chicken', 'Pizza']",88.92,Cancelled,2026-02-21 06:46:16,2026-02-19 01:38:53,Refunded
14cd6c04-9e59-4337-b9df-acf276e50592,Michelle Willis,Gonzales-Kim,"90079 Patrick Islands Apt. 245
Port Ericburgh, PR 11453","['Fried Chicken', 'Pasta', 'Steak']",96.19,Cancelled,2026-01-05 15:01:47,2026-01-17 11:09:41,Unpaid
08b1378d-b2c8-42a3-b613-283f2c52b9ce,Justin Mcintyre,Scott Inc,"2225 Michael Crossing
Antonioside, UT 79666","['Salad', 'Steak', 'Fried Chicken']",63.95,Pending,2026-01-23 20:02:40,2026-01-13 15:22:44,Refunded
345c7b18-1cce-4fe2-bf3e-e59d49eb7245,James Perkins,Porter-Andrade,"9578 Dawn Lakes Apt. 329
New Lisashire, MS 75775","['Burger', 'Soup', 'Pizza']",93.05,Cancelled,2026-01-25 00:09:09,2026-02-21 07:29:02,Paid
3b34d442-2e84-496e-888a-7cb5e0e27e4b,Robert Smith,Barton-Morris,"6231 Kurt Mount
Timothyborough, AK 09056","['Steak', 'Fried Chicken', 'Salad', 'Pasta']",80.86,Cancelled,2026-01-20 08:42:40,2026-01-13 02:10:03,Unpaid
e2b2ca01-ebae-4448-bd19-748aa1162615,Dustin Duncan,Mayer-Elliott,"351 Anna Plain Suite 898
Hamptonport, RI 97346","['Burger', 'Sushi', 'Steak', 'Sandwich']",91.01,Delivered,2026-02-09 14:03:09,2026-02-19 23:56:37,Unpaid
9b62da71-a0ce-4eaa-970d-9ed1f01217a4,Michael Bailey,"Davila, Stevens and Davis","USCGC Rose
FPO AP 44765","['Tacos', 'Pasta', 'Steak']",33.28,Delivered,2026-02-28 08:27:49,2026-02-01 01:28:12,Paid
8b8e57a1-146a-4c17-bf40-398089783b57,Lindsay Hunt MD,"Hunter, Summers and Rodriguez","9204 Beck Knolls
Ashleytown, AL 92425",['Pasta'],47.98,Delivered,2026-02-10 19:42:54,2026-01-11 19:25:09,Refunded
86bb324d-e50d-4f7d-bd8a-af363df02f6e,Donna Mccormick,Martin-Cox,"23393 Williams Plains
South Christopher, AL 26993","['Pizza', 'Steak', 'Pasta', 'Fried Chicken']",82.4,Cancelled,2026-02-18 17:00:40,2026-02-15 10:30:11,Paid
8c4f4010-7a73-4664-bb8b-d375d05fc1b9,Valerie Evans,Smith-Reed,"028 Salas Skyway
East Barbara, LA 46262",['Burger'],97.69,Cancelled,2026-01-13 04:24:59,2026-01-14 21:55:33,Paid
8ee6ff51-e56f-4d4b-8420-3f592fb2dbd2,Alexander Palmer,Nguyen-Norris,"46173 Tony Court Apt. 385
Rodriguezfort, HI 32354",['Pasta'],55.32,Delivered,2026-02-02 11:18:17,2026-01-11 11:43:30,Unpaid
c32652d5-1991-45c4-8924-4f0dd9462e0b,Tracy Ford,"Reed, Parker and Fuller","187 Salazar Cliff Apt. 664
Lake Erica, AS 63324",['Steak'],80.84,Pending,2026-01-08 09:02:12,2026-02-26 16:36:51,Paid
ab65056a-a0dd-46b5-84e2-6a041ceb23fc,Kenneth Saunders,Howard Group,"4359 Sherry Union Suite 395
South Christopherberg, MS 82058","['Salad', 'Sandwich', 'Steak']",29.33,Delivered,2026-01-26 14:49:01,2026-02-20 18:16:14,Refunded
7b87f69b-cbb5-4404-8079-94963e0c543f,David Huber,Bautista and Sons,"65878 Silva Locks Suite 978
Port Jeffrey, MP 60030",['Steak'],64.85,Delivered,2026-01-12 12:16:07,2026-01-07 12:47:10,Unpaid
61cbed5f-336c-4bcb-b3c6-fb9d54d83cbd,Danny Yang,Doyle LLC,"247 Vanessa Shoal
Lake Jenniferview, WI 24492",['Salad'],52.17,Pending,2026-02-19 07:04:12,2026-02-25 13:08:55,Refunded
405aa12f-998b-4a61-aff2-ffbd0d2c7a84,Kristy Jones,Hendrix Group,"294 Perkins Island Apt. 197
Blakehaven, OH 58863",['Steak'],85.6,Pending,2026-01-04 02:42:38,2026-02-25 13:50:40,Unpaid
2ceaad9d-4b65-45f4-adfe-7a7384b2c171,Jessica Tyler,"Perry, Hawkins and Barnes","161 George Radial
North Allen, AS 33782","['Sandwich', 'Pasta', 'Pizza', 'Fried Chicken']",88.09,Cancelled,2026-01-27 02:36:55,2026-02-24 23:16:31,Unpaid
f375db91-f66f-49c7-8d2b-1efca2ba572c,April Weaver,"Griffin, Malone and Fletcher","842 Tracey Meadows
Christineburgh, FL 23772","['Fried Chicken', 'Pizza']",30,Cancelled,2026-02-18 08:58:08,2026-01-03 10:51:18,Paid
d6d37b24-e299-47db-9460-bdfe0de430bf,Wendy Weber,Blackwell Group,"8300 Blake Club
Port George, FL 15570","['Burger', 'Pasta', 'Fried Chicken', 'Pizza']",70.83,Delivered,2026-01-30 22:50:22,2026-01-26 04:09:59,Refunded
509264ff-97f6-4602-bf6d-c8351e878b6a,Christopher Stephens,Peterson LLC,"03535 Phillips Branch Apt. 696
North Melissa, NM 13899","['Steak', 'Salad', 'Soup']",96.11,Delivered,2026-01-17 01:39:28,2026-01-24 20:48:28,Unpaid
0279707c-d00a-422e-9fe5-b9998d15e205,Amanda Garza,"Stanley, Price and Crosby","70036 Ryan Loaf Apt. 937
Lake Michelle, MD 51811",['Tacos'],18.2,Delivered,2026-01-15 08:36:56,2026-02-27 05:25:54,Refunded
93bd2cd8-ae1b-475e-9cd0-13ea71e4feb9,Christian Reynolds,"Pena, Shields and Henry","525 Jeremy Fall Suite 758
East Danaview, AS 25642","['Burger', 'Soup', 'Pizza', 'Pasta']",72.88,Cancelled,2026-02-15 07:00:25,2026-01-26 17:56:52,Paid
cbadd1b0-f7ad-43f8-8484-65d5a758dcf5,Kimberly James,Pratt PLC,"75232 Sandra Road
Patriciaport, AS 51941",['Sushi'],29.93,Delivered,2026-01-22 14:13:29,2026-02-11 07:18:08,Unpaid
9f6bb4ee-4005-492a-84f9-b79e1d0dfc9c,Martin Fernandez,"Johnson, Meyer and Williams","0809 Whitney Fall
Charleshaven, NJ 01322","['Burger', 'Salad', 'Pizza', 'Steak']",28.29,Delivered,2026-02-22 18:39:15,2026-01-10 03:29:38,Paid
3fbc2309-84d2-42bd-ab9c-d4b3585e4795,Kathleen Bailey,"Sanders, Williams and Schmidt","12243 Molly Stream
Montoyamouth, TN 58050","['Pizza', 'Sushi', 'Pasta']",91.23,Pending,2026-02-03 18:21:58,2026-01-18 19:37:46,Unpaid
fb80e0f5-4fba-412e-82bc-2e07ed025bc1,Carolyn Estrada,"Yang, Williams and Burke","478 Robert Lodge Suite 211
Nelsonfurt, VT 30422","['Soup', 'Sandwich', 'Burger', 'Salad']",64.65,Cancelled,2026-03-01 01:49:07,2026-02-03 07:13:01,Refunded
2ab69086-e662-474a-b4d5-1f7db51ff0c5,Amy Mckinney,Kerr-Robinson,"69000 Kenneth Garden
South Benjaminshire, AK 07807",['Pizza'],16.78,Delivered,2026-02-13 04:40:19,2026-01-28 15:15:36,Refunded
0a7d91a0-76ed-4084-b8d1-c7ac68325188,Marc Stevenson,Woods-Ramos,"58005 Jeffrey Grove Suite 911
Phillipsview, WA 19248","['Sushi', 'Sandwich', 'Burger']",39.67,Cancelled,2026-02-15 09:44:13,2026-02-28 03:04:46,Paid
4db952d7-9da3-4a40-8ac5-d59202c9cfa1,Andrea Carroll,Ross-Alvarez,"3874 Munoz Orchard
Martinfurt, VT 03000","['Sushi', 'Pasta', 'Tacos', 'Burger']",23.96,Cancelled,2026-02-25 05:29:48,2026-02-15 23:28:34,Unpaid
5239f702-bc31-4dcf-ab7b-478ad34f6a46,Jennifer White,Carroll-Wilkerson,"USS White
FPO AE 51351","['Soup', 'Burger', 'Sushi', 'Fried Chicken']",76.64,Pending,2026-01-06 17:33:39,2026-01-26 20:21:30,Paid
80a531b4-7d70-4faa-bd12-5659d10c8fba,Haley Ward MD,Bell Ltd,"669 Romero Ridge Apt. 984
South Richard, TN 48554","['Fried Chicken', 'Soup']",66.75,Pending,2026-02-06 04:28:44,2026-01-03 04:46:59,Refunded
156a9a5d-df2e-4151-9ec8-92f1e7883851,Michael Blevins,"Fernandez, Burton and Sloan","44631 Tran Run
West Brycetown, RI 77486","['Burger', 'Steak', 'Salad']",21.61,Cancelled,2026-01-24 22:47:13,2026-02-28 01:56:08,Unpaid
f446e844-200c-45de-8755-b500872921bf,Brandon Williams,Cabrera LLC,"9339 Anna Hills Suite 085
North Tamiburgh, MH 93930","['Burger', 'Tacos', 'Pasta']",87.05,Pending,2026-01-19 06:03:39,2026-01-19 15:19:56,Refunded
1c97e867-6dc9-4d09-ab65-b93d4f708e1e,Kristen Roberts,Mata LLC,"0517 Thomas Corner
South Tonyland, MN 83411",['Burger'],29.54,Delivered,2026-02-11 07:05:05,2026-02-16 05:54:58,Unpaid
5a695f54-e5cb-4430-a3c0-7b801df94a28,Travis Wright,"Patterson, Cooper and Le","843 Daniel Roads Suite 142
Elizabethstad, KY 46382","['Tacos', 'Pizza']",87.08,Cancelled,2026-01-22 03:33:55,2026-02-05 04:15:12,Paid
23a1ed70-897d-4aed-a7cf-0edff4a9efaf,Darlene Kim,Shaw-Martin,"178 Julie Expressway
Wallsfort, OH 66476",['Burger'],93.79,Delivered,2026-02-18 21:46:41,2026-01-15 07:57:09,Paid
70ed09ef-38d1-40dc-af1c-ee3ff4fb7d3e,John Ross,Ayers-Perez,"82698 Jackson Fork
North Jeffrey, NH 90440","['Sushi', 'Salad', 'Sandwich', 'Steak']",99.71,Delivered,2026-01-31 21:50:05,2026-02-07 15:39:08,Refunded
f3aff279-f27e-41b6-8086-b1035a534b42,John Miller,"Williamson, Owens and Jones","1080 Steven Loaf
East Ronaldhaven, GA 70616","['Salad', 'Burger', 'Sushi', 'Tacos']",39.68,Delivered,2026-01-04 05:54:26,2026-02-09 05:16:09,Refunded
7a191c61-a26e-4f98-b1a5-e7689505e3c6,Renee Ali,Williams-Conway,"0970 Robbins Parkways
Annetteville, NC 91388",['Steak'],36.2,Cancelled,2026-01-18 22:27:00,2026-02-11 03:31:12,Paid
fe6e9c23-5798-40c5-ad78-570a1c249ce3,Charles Stevens,Parker and Sons,"63401 Carlos Greens Apt. 642
New Ryantown, PW 51899","['Fried Chicken', 'Burger', 'Steak']",46.03,Cancelled,2026-02-22 18:52:10,2026-01-06 01:29:10,Paid
dfbaf139-6915-4609-aee3-8a45758feaa0,Amy Mckay,"Clark, Harrington and Miller","20471 Juan Parks Suite 090
South Matthew, MP 22163","['Pasta', 'Sandwich', 'Tacos', 'Pizza']",45.66,Delivered,2026-01-04 13:35:02,2026-02-03 12:40:49,Refunded
33b102e9-b121-4907-b5a8-d36c675eff9a,Kristy Chen,"Ward, Shepherd and Rice","75720 Melissa Path Apt. 137
Perezport, OR 54508",['Sushi'],15.65,Cancelled,2026-02-06 13:46:33,2026-03-01 06:24:15,Paid
bd3b2da5-440e-4575-a9b2-a6ce4ac5a800,Bobby Trevino,"Shelton, Ellis and Medina","77830 Clark Flats Apt. 724
Port Harry, AK 29418",['Soup'],42.65,Cancelled,2026-02-22 09:59:45,2026-03-01 13:53:04,Paid
647494e9-d4b0-4250-88c3-69be7ee1453a,Eric Reynolds,Simmons-Leon,"160 Alex Haven
East Amanda, LA 62895","['Pizza', 'Tacos']",31.18,Pending,2026-02-21 12:23:22,2026-01-22 02:52:17,Paid
fe823af8-e695-4552-8f2d-b97bbac48996,Monica Myers,Hamilton-Wilson,"74453 Guerra Mission Apt. 615
Lisastad, PR 68832","['Pasta', 'Pizza']",54.09,Cancelled,2026-02-15 05:35:12,2026-01-03 12:58:02,Refunded
3f52fd92-1779-4a6e-b29d-ce580f1cf41d,Tina Owens,Smith-Pruitt,"8813 Nathan Roads
Moranfurt, MA 45718","['Sandwich', 'Burger', 'Pasta']",62.46,Cancelled,2026-03-02 11:06:47,2026-01-22 01:16:03,Refunded
760068fe-4956-41b1-9099-336204d5607d,Thomas Anderson,"Miller, Terrell and Rosario","085 Jason Common
South Kristinaland, ID 79351",['Steak'],53.3,Pending,2026-01-05 22:08:30,2026-02-23 13:17:04,Refunded
6a5d6e05-2aad-443d-be37-844381e8e6ae,Samuel Henson,Browning and Sons,"128 Lynch Parks Suite 862
Port Paul, TN 96385",['Soup'],91.54,Pending,2026-01-18 05:20:42,2026-01-08 01:35:02,Refunded
8cd5ea98-b675-4af5-946e-130f1354bf12,Laura Evans,Bennett PLC,"Unit 6526 Box 2661
DPO AA 45906","['Pizza', 'Soup', 'Fried Chicken']",36.1,Delivered,2026-01-07 13:05:12,2026-02-01 16:26:40,Paid
182d6f4c-f338-4b77-a8dd-78246366a8eb,Jack Burnett,Armstrong Ltd,"6443 Allen Circles
East Karentown, MP 69884","['Salad', 'Steak']",42.93,Delivered,2026-01-23 02:00:58,2026-02-16 18:26:43,Refunded
da63a065-8672-425c-94b8-d18a9955f1b3,Colleen Spencer,"Garcia, Garrett and Owen","470 Cruz Shoals Suite 957
West Devin, NV 10213","['Sandwich', 'Pizza', 'Steak']",37.39,Delivered,2026-01-03 02:12:03,2026-02-17 18:38:34,Paid
19fd8ff0-793d-441c-be2e-2cf7657d46f3,Kristine Thompson,"Little, Jones and Hogan","69933 Douglas Valley Apt. 021
Harrisstad, HI 20474","['Steak', 'Pasta', 'Pizza', 'Salad']",17,Delivered,2026-02-12 13:06:25,2026-01-10 15:32:02,Unpaid
4a5e0c8c-84ec-4079-974f-5ad649047f16,Stephanie Frank,Church Ltd,"226 Jennifer Valley
West Tonya, VA 00605","['Pizza', 'Sushi']",20.16,Pending,2026-02-06 15:26:44,2026-01-30 07:36:26,Refunded
9b11e595-bcdd-4fb8-999c-ebc8ef07d08b,Gary Terry,Meyer-Burke,"140 James Brooks Suite 881
Port Dillon, MO 68274","['Pasta', 'Sandwich']",43.23,Delivered,2026-01-29 23:43:53,2026-02-12 03:50:05,Unpaid
239ce284-d9e6-481d-a961-adfca7bc514c,Laura Wood,Lynch-Brown,"0562 Carla Canyon
Jenniferside, WI 43983","['Sandwich', 'Fried Chicken', 'Sushi', 'Tacos']",97.86,Delivered,2026-01-02 03:39:43,2026-01-06 18:17:41,Paid
224f25ae-8c94-4a40-8640-01f21c9f230c,John Wilkins,"Wood, Wilson and Mendoza","726 Cory Turnpike Apt. 280
North Erin, SD 31186","['Sandwich', 'Soup']",55.23,Cancelled,2026-02-18 10:12:22,2026-02-12 07:27:59,Paid
f00e9a12-d439-42bf-897c-2799e41cba62,Sherry Bautista,Lopez-Neal,"258 Paul Corners
Nicholasmouth, MA 07471",['Steak'],75.49,Delivered,2026-01-29 17:28:37,2026-01-16 13:20:13,Refunded
f48691fa-594b-48f6-bf94-7ed3140d7ce4,Lisa Robertson,Smith-Morris,"96064 Moreno Summit
Paulhaven, TX 02325","['Sushi', 'Sandwich']",62.86,Cancelled,2026-02-22 11:54:35,2026-02-20 18:22:43,Paid
c6ec34e0-4551-4000-a373-cd2d118ce0c4,Jeremy Knight,"Johnson, Singh and Cook","296 Pearson Shores
West Jonathan, ID 00752",['Pasta'],72.12,Cancelled,2026-01-09 02:19:31,2026-01-16 06:45:57,Unpaid
2078ee66-d7cd-49d8-8b7c-1b4b86985ce3,Andrea Wagner,"Strong, Davis and Lee","Unit 9437 Box 5169
DPO AE 70051","['Sushi', 'Pizza', 'Salad']",90.9,Cancelled,2026-01-24 08:08:53,2026-01-25 01:59:10,Refunded
3e6f85dc-34c0-4b15-bb8a-2a2d26525bb0,Amber Mora,"Price, Wright and Murphy","67230 Sheena Summit
Campbellville, CO 12439","['Burger', 'Pasta', 'Tacos']",22.36,Cancelled,2026-02-03 01:07:26,2026-01-23 19:17:29,Refunded
134c6a37-5dee-445d-b4a3-875d8f0cd30a,Patricia Hendricks,Franklin-Alexander,"583 Jackson Springs Suite 227
Gomezmouth, CO 82955","['Steak', 'Pizza']",53.27,Cancelled,2026-01-25 21:34:36,2026-01-16 08:36:59,Unpaid
61ae5973-d451-409e-b9f0-62219115d204,Kimberly Pierce,"Pennington, Gates and Davis","01286 Gibson Ranch Suite 500
Lake Paul, MI 07870","['Salad', 'Burger', 'Steak', 'Sandwich']",47.49,Pending,2026-01-10 13:49:28,2026-02-08 12:02:59,Refunded
b7d16e39-bf14-444c-9252-2c05baaddf5c,Christopher Olson,"Johnson, Washington and Roy","70741 John Falls
North Deborahview, WY 42509",['Fried Chicken'],25.53,Cancelled,2026-01-21 20:55:09,2026-02-13 18:28:38,Refunded
0525f9e1-48ce-4159-a4e6-36229aac83a2,Timothy Mcconnell,Martinez-White,"843 Mosley Island Apt. 443
East Olivialand, NH 39704","['Burger', 'Pasta']",50.38,Pending,2026-01-10 04:37:46,2026-02-27 16:23:48,Refunded
f99e5dc8-942e-435c-9439-6a27b9a5157e,Joann Jackson,Parker-Macias,"3919 Harris Inlet
Nicholsonton, WV 15325",['Tacos'],52.33,Cancelled,2026-01-01 06:21:41,2026-01-12 12:32:57,Unpaid
89a1c7fb-66d5-4fe9-a662-2471e3ed089c,Charles Williams,Franco-Barry,"341 Shawn Valleys Apt. 233
West Rodneymouth, ME 66302","['Salad', 'Steak']",49.44,Cancelled,2026-02-07 11:59:49,2026-02-21 11:05:55,Unpaid
ff9b0b86-193b-47f4-b33c-4bcc24e55acc,John Golden,Douglas PLC,"2330 Christian Plain Suite 139
Taylorville, VA 25610","['Steak', 'Pizza', 'Burger']",30.66,Cancelled,2026-01-11 12:23:24,2026-02-19 16:46:03,Paid
9464876e-5258-4f16-9ba4-9ae19d877e23,Chad Miller,Foster PLC,"48368 Jasmine Gateway Apt. 566
New Bruce, ID 57921","['Burger', 'Pasta']",19.55,Delivered,2026-03-01 18:38:43,2026-01-27 09:35:27,Paid
2a906250-55a5-4a79-a462-4acbb1cbf27e,Cristian Burke,Moyer-Pierce,"940 Perez Shoal Suite 371
Dunnfort, AL 85496",['Pizza'],41.7,Cancelled,2026-01-17 00:01:04,2026-02-25 05:02:40,Paid
bfc65d8c-0051-4cc1-bc94-aee0c4f612d7,Mark Atkins,Thomas Inc,"94929 Miller Shoals
Lake Peggy, SC 07688",['Sandwich'],40.8,Cancelled,2026-02-05 13:13:35,2026-01-24 14:51:36,Refunded
e2f0d010-cd0f-4392-a692-2f906cf0aecb,Valerie Lewis,Sampson-Hanna,"4018 Ochoa Junction
North Victorside, VA 42373","['Burger', 'Pizza', 'Soup', 'Salad']",27.26,Pending,2026-01-01 16:27:23,2026-01-04 08:11:44,Refunded
5ca29d71-a720-4fc4-914c-e8b059d551b8,Douglas Allen,Bradley and Sons,"11065 Hull Roads Suite 362
Colemouth, ID 63561","['Pizza', 'Fried Chicken', 'Tacos', 'Soup']",40.51,Cancelled,2026-01-24 10:59:27,2026-02-08 11:06:40,Unpaid
432ad5cc-b2ba-4cbd-8a7c-bbef969c6b7c,Miranda Smith,Harper and Sons,"62290 Rose Tunnel
Washingtontown, WY 66793","['Sushi', 'Salad', 'Sandwich']",77.3,Cancelled,2026-01-29 22:33:58,2026-01-31 01:09:50,Refunded
b56ddbfc-07df-4903-a1e6-aeff5995de9b,Maureen Weaver,"Atkins, Nguyen and Tran","7209 Long Cliff Apt. 373
Alexandertown, DC 99823","['Sushi', 'Salad', 'Soup']",62.64,Pending,2026-02-08 18:36:45,2026-01-10 21:54:41,Unpaid
5428a292-3e03-4460-8f7e-e0e470c79caf,William Lee,"Duarte, Reyes and Johnson","7597 Mark Forest
Gabrielleside, PR 59838","['Fried Chicken', 'Salad', 'Sandwich']",88.35,Delivered,2026-01-13 15:09:47,2026-02-10 02:38:34,Paid
76d1235e-f682-4e64-abc6-95f39d695369,Brandon Castaneda,Hutchinson LLC,"713 Stephanie Mission
Lake Alexander, AR 46162","['Sandwich', 'Soup', 'Pizza', 'Sushi']",47.06,Delivered,2026-02-01 06:44:18,2026-01-23 12:26:38,Unpaid
1bbea940-614e-4d06-b243-119ba44cc9cc,Daniel Gallagher Jr.,Acevedo and Sons,"997 Sanchez Parkways
Knightville, DC 36702","['Sushi', 'Pizza', 'Fried Chicken', 'Pasta']",66.6,Cancelled,2026-02-02 06:50:08,2026-01-23 21:47:35,Unpaid
ded853f7-b708-45df-879b-266fa2a28fe4,Michael Moore,Mcbride and Sons,"39554 Christopher Keys
East Raymondton, DE 42991","['Pizza', 'Steak', 'Soup', 'Fried Chicken']",85.46,Cancelled,2026-01-14 21:33:51,2026-02-27 06:38:43,Unpaid
b0b63619-f812-4a75-81c8-9f54ea028db6,Dillon Cline,Ferguson and Sons,"137 Bailey Points Apt. 436
Leonardchester, NM 89483","['Tacos', 'Fried Chicken', 'Steak', 'Salad']",43.83,Cancelled,2026-01-06 13:30:36,2026-02-02 03:27:19,Unpaid
f01f97c9-361e-4a2e-adf3-6ff25bc268c9,Michael Cox,Castillo Inc,"1319 Christian Shores Apt. 075
Lake Justin, VT 99285","['Tacos', 'Burger', 'Salad']",59.35,Cancelled,2026-01-30 10:52:04,2026-01-30 12:27:53,Unpaid
4812d46d-624d-4643-a1f1-f341efa53e4d,Robert Meyers,"Weaver, Russell and Crawford","95397 Hall Estates Apt. 369
Paulland, KS 75052",['Sandwich'],97.48,Cancelled,2026-01-17 13:13:35,2026-01-30 15:01:11,Refunded
872a31fe-5f4f-4213-b1a2-0efcb032a4f1,Mrs. Amy Little,Benson-Walton,"449 Derek Inlet
Davisville, MT 84541","['Sushi', 'Sandwich', 'Pizza']",60.95,Pending,2026-02-06 00:45:33,2026-01-04 20:18:27,Unpaid
8ec28f0e-771c-4eec-beaf-ee393523eb34,Kathy Garner,"Nguyen, Richards and Gray","59179 Monica Overpass
North Gregory, NV 38459",['Fried Chicken'],66.07,Cancelled,2026-01-10 02:34:08,2026-02-27 16:03:53,Paid
1f02ce70-5de9-40eb-bc32-dc7d0fabebda,Noah Simmons,Miller-Morales,"8075 Estrada Throughway Suite 778
New Stephanietown, TN 75675",['Pizza'],21.09,Pending,2026-01-14 23:25:12,2026-02-18 17:22:57,Unpaid
d729f00b-f89c-4b0c-93a3-529d9dc9c4b2,Brittney Hall,"Dean, Wilcox and Crawford","5196 Mark Loop
North Jessica, TX 54344","['Sandwich', 'Steak']",79.4,Cancelled,2026-01-18 20:51:41,2026-01-11 17:02:33,Paid
41068995-7a85-4826-99a3-c5d4b9e014f7,Daniel Roberts,Carlson Group,"PSC 6976, Box 3196
APO AE 60489","['Tacos', 'Sushi']",46.32,Pending,2026-01-29 23:38:31,2026-01-24 19:48:56,Refunded
490bfa8f-fd26-4562-8481-34cc49606a69,David Perez,"Cantu, Arnold and Jenkins","1664 Martinez Points
Port Derrickville, NE 80896","['Fried Chicken', 'Salad', 'Pizza', 'Steak']",52.04,Delivered,2026-01-01 13:43:27,2026-01-18 12:07:07,Unpaid
53ce2d92-2183-4fcd-81f4-4c4f9928d75f,Mike Bates,"Davis, Brown and Anderson","6355 Green Place
Trevorfurt, NV 02374","['Steak', 'Tacos']",66.96,Pending,2026-01-01 01:56:37,2026-01-15 12:52:15,Paid
8f7137a7-25b9-4015-8dad-abb2de5486fa,Jessica Silva,"Meyers, Miller and Palmer","3062 William Fields Suite 646
New Laurieshire, FM 83083","['Steak', 'Pasta']",65.48,Cancelled,2026-01-17 23:24:35,2026-01-09 17:11:48,Refunded
4d6b5151-ecee-4cfb-a5df-512fc3b29967,Stacy Scott,Sims-Holloway,"462 Ball Expressway Suite 750
Lewiston, MO 30474",['Sushi'],87.52,Pending,2026-01-17 15:22:56,2026-01-25 23:40:04,Unpaid
ae27deef-5aea-4f2a-b6c9-363bcbbb468d,Natalie Medina,"Christensen, Mckinney and Gonzalez","2991 Jonathan Highway
New Robert, WA 02267","['Soup', 'Salad', 'Pizza']",55.64,Cancelled,2026-01-09 12:35:24,2026-02-26 04:20:14,Unpaid
3127f495-4490-44ea-9c92-dbabbf171892,Karen Lopez,Saunders Ltd,"57824 Schneider Spring Suite 095
Ferrellton, IN 84432",['Soup'],19.56,Delivered,2026-01-29 13:31:08,2026-01-01 02:28:26,Refunded
401c490e-b34e-4166-a0ff-a98f3b1bac14,Sara Young,Smith-Watkins,"PSC 9440, Box 3264
APO AP 04156","['Salad', 'Sushi', 'Pasta', 'Pizza']",48,Delivered,2026-01-10 13:41:51,2026-02-22 13:17:45,Unpaid
95f06d28-7c06-4889-8f06-0aca39363717,Elizabeth Mckay,Jarvis Group,"USNV Price
FPO AP 16119","['Sandwich', 'Steak', 'Soup', 'Fried Chicken']",72.35,Delivered,2026-01-03 21:46:25,2026-01-17 19:00:37,Paid
0d9f5a10-bf77-4328-9d85-f2abd33e6064,Kristen Myers,Smith LLC,"383 Stokes Crest
Sierrachester, NM 52424","['Pizza', 'Fried Chicken', 'Tacos']",86.42,Delivered,2026-01-12 16:01:03,2026-01-10 04:54:50,Paid
714f79af-ec8d-46c7-9e55-e79135dc4989,Amanda Rose,"Young, Griffin and Cummings","4786 Johnson View Apt. 282
Jensenchester, TX 54414","['Pizza', 'Tacos']",23.99,Pending,2026-01-18 04:44:22,2026-01-18 09:01:35,Refunded
ff7c796d-4409-400d-a18e-21cd51998cda,Eddie Adams,Cain-Davis,"9571 Courtney Pass
West Jeffery, CT 97097","['Pizza', 'Fried Chicken']",36.3,Pending,2026-01-10 15:17:32,2026-02-13 11:14:37,Refunded
7fbb36fa-fe12-4329-9c1f-2ce0b7b445c7,Ashley Mcdonald,Perez-Best,"45932 Silva Centers Suite 284
Port Destinyberg, IN 31573",['Salad'],84.36,Delivered,2026-01-31 21:54:29,2026-02-18 07:31:37,Paid
0dde1371-f4e8-499b-925b-e649d62bc0b5,Noah Russell,Tate Inc,"67626 Oconnor Course
Port Johnmouth, MP 18175",['Sushi'],23.01,Delivered,2026-01-07 10:49:41,2026-01-27 09:15:14,Unpaid
a219db39-053a-45e8-9d7b-e8da4324b839,Tammy Nguyen,Porter Ltd,"54223 Cook Roads
North Amanda, MI 44005","['Pizza', 'Sandwich']",47.57,Pending,2026-01-03 13:50:55,2026-02-25 11:45:44,Unpaid
e06a6da5-195f-456f-a40a-720a44f506c4,Monica Haley,Lopez PLC,"0959 Martin Forges Suite 640
Davidchester, MA 79583","['Steak', 'Soup']",79.66,Delivered,2026-02-19 01:06:45,2026-01-24 04:21:54,Refunded
9955e756-1e7f-4984-bce8-b98574a67ec1,Melissa Harper,Wilson-Adams,"330 Mejia Valley Suite 905
East Marialand, NY 08691","['Steak', 'Pasta']",76.71,Pending,2026-02-06 03:03:35,2026-02-17 02:37:49,Refunded
d3959d10-fd2a-4269-9e1b-c73d82d73454,Stephanie Mullins,"Swanson, Cunningham and Larson","96306 Jacob Parkways
Lake Sandraview, MO 20529","['Pizza', 'Steak', 'Tacos']",90.48,Cancelled,2026-02-21 21:16:50,2026-02-17 08:16:39,Unpaid
a81b5ae5-3314-48e5-b8f0-6973d39b8036,Jason Gray,Wright Group,"1965 Cynthia Islands Suite 939
New Kennethfort, IL 80676","['Pasta', 'Steak']",16.69,Cancelled,2026-02-24 05:31:51,2026-02-10 23:45:43,Paid
1ecd07e1-a5bb-44a0-97b0-ffe4e67dbf6e,Jonathan Hawkins,"Joseph, Leblanc and Soto","2527 Ward Prairie Apt. 863
Ricestad, NE 81370","['Fried Chicken', 'Pizza', 'Sandwich', 'Sushi']",38.38,Delivered,2026-02-13 07:50:28,2026-01-29 18:34:16,Paid
28706116-d220-49d1-8f65-6002e822ce41,Tanya Sullivan,Peterson PLC,"432 Jerry Lane
New Keith, ID 76165","['Tacos', 'Soup']",91.22,Pending,2026-03-01 04:12:59,2026-02-11 23:53:21,Paid
b904dc9b-8320-4255-82b6-3300520a088c,Virginia Herrera,Taylor-Wood,"9696 Miranda Springs Apt. 624
Estradaton, SC 53550","['Burger', 'Tacos', 'Steak']",85.99,Cancelled,2026-01-19 13:45:21,2026-02-09 22:43:49,Unpaid
efe41ec4-e5eb-4aea-9cf9-3cf61ae6011b,Joel Schultz,Turner-Maldonado,"119 Juarez Flat
Latoyahaven, MN 64554",['Pasta'],68.31,Pending,2026-02-17 07:22:31,2026-02-11 12:18:36,Unpaid
b46d9214-ad9c-40e1-8468-59a2b575d11b,Jeremy Brown,Griffin-Ayala,"0919 Aimee Wells Apt. 828
Williamsshire, OH 83843",['Soup'],56.72,Pending,2026-02-02 15:09:50,2026-01-03 17:39:38,Paid
f1018309-ea17-474d-bd5d-d21571d96c6b,Mrs. Melissa Rogers,Boyd-Huff,"051 Carey Path
Heatherborough, CO 46639","['Soup', 'Steak', 'Pasta', 'Sandwich']",97.33,Delivered,2026-01-11 13:49:35,2026-02-01 04:34:55,Refunded
10e0eb52-de98-4dc4-a6ea-c5eaf59ca7f6,James Smith,"Hill, Ruiz and Bradley","7164 Lauren Falls Suite 690
Lake Walter, MP 13038","['Sandwich', 'Salad']",57.68,Pending,2026-01-15 09:56:22,2026-01-01 15:20:40,Paid
a230454e-3abe-4a36-bdd8-ac38cc34b28e,Whitney Barnes,Davidson-Sparks,"USNS Salazar
FPO AE 76493","['Salad', 'Pasta']",79.7,Pending,2026-01-26 15:09:02,2026-01-28 09:38:25,Refunded
577afa15-da71-4401-a659-b31988f801e5,Cathy Rojas,Hill Group,"5641 Cole Unions Apt. 702
Harveyborough, OK 40094","['Tacos', 'Sandwich']",90.14,Pending,2026-01-08 07:24:47,2026-02-06 19:33:54,Unpaid
262f489c-33ae-4406-bfc6-1e6e571d9566,Mary Ochoa,Barnes PLC,"59525 Jeffrey Ferry
West Donna, MP 88161","['Steak', 'Burger', 'Fried Chicken', 'Soup']",96.92,Delivered,2026-01-26 08:05:37,2026-01-05 13:19:00,Paid
9733966e-29fb-4ebe-b2a1-5eb19a07dd2d,Carla Wang,Harding-Rogers,"4742 Joshua Courts Suite 355
New Earl, MP 54012","['Pasta', 'Tacos']",81.94,Pending,2026-02-13 22:16:13,2026-01-11 19:11:19,Refunded
27e44b29-a2c4-4ca4-aa7f-3c82001cbff0,Christopher West,"Brooks, Coleman and Smith","Unit 4312 Box 2791
DPO AA 19499","['Soup', 'Sushi']",71.21,Delivered,2026-01-10 12:32:10,2026-02-14 09:38:28,Unpaid
176c26cf-ae00-4bd1-bd53-89ed21080878,Marissa Freeman,Parker-Watson,"9846 Larry Glen
Williamsfurt, AL 82278","['Sushi', 'Soup']",46.75,Pending,2026-01-28 21:46:03,2026-02-04 13:14:53,Unpaid
b8d318cd-5012-43ac-9eff-5b1dbb2e3f17,Scott Hale,Lopez-White,"08166 Wilson River
West Derrickport, GA 89812","['Soup', 'Salad', 'Fried Chicken', 'Steak']",53.38,Cancelled,2026-01-08 18:29:14,2026-03-02 02:18:46,Unpaid
8e557818-9f57-49a2-85c9-75e7833f7834,Evelyn Morris,Lynch Inc,"616 Robinson Courts Apt. 394
Jordanstad, WY 94034","['Burger', 'Tacos']",74.76,Cancelled,2026-01-31 06:26:27,2026-02-13 12:06:20,Refunded
e5fffd74-9f2d-4215-94e4-1d801c400d05,Melissa Warren,"Jackson, Parks and Hurley","858 James Mountains Apt. 362
West Nicholas, AS 33002","['Salad', 'Soup', 'Tacos']",24.22,Delivered,2026-02-10 06:32:36,2026-02-07 06:04:26,Refunded
82d09a5e-140b-4d92-9ab8-d5c246068c4f,Earl Zavala,Villa and Sons,"508 Allen Isle Apt. 597
Masonmouth, SD 22347",['Steak'],93.08,Delivered,2026-01-19 01:31:13,2026-02-17 00:23:00,Paid
47e38bbf-e03c-4ec9-9d50-4b5cbc3fba30,James Hudson,"Peterson, Morton and Stewart","9998 Hayden Terrace
Williefort, MN 03274","['Burger', 'Soup', 'Sushi', 'Sandwich']",53.25,Cancelled,2026-01-13 10:41:26,2026-02-02 01:41:28,Paid
be5c8097-fde7-4c6a-9f7c-89433282511d,Colleen Carter MD,Ross Ltd,"21101 Marie Wall Suite 693
Danafort, OH 04732","['Fried Chicken', 'Sandwich']",53.81,Delivered,2026-01-30 06:04:06,2026-02-04 10:43:07,Paid
90632c2f-9930-44bf-bd6e-93128f66b65c,Amanda Rhodes,Garrett-Cook,"059 Black Village
East George, TN 42859","['Soup', 'Fried Chicken', 'Sushi', 'Tacos']",97.5,Pending,2026-02-10 10:45:29,2026-01-11 11:56:11,Refunded
0d87f2c7-0269-4e63-88da-471abacbb82e,Latoya Wang,"Holmes, Wells and Moran","6575 Chris Haven Suite 132
North Stephanie, FL 59584",['Tacos'],91.27,Pending,2026-02-18 08:53:09,2026-01-10 14:09:53,Paid
136e922e-d243-49df-b578-3bb1475b193c,Jeffrey Gillespie,Vega-Mitchell,"5334 Pamela Points
East Tiffany, IA 81512","['Sushi', 'Burger', 'Tacos']",91.84,Pending,2026-01-02 00:18:06,2026-01-16 15:56:24,Refunded
c3c7e42b-0786-4856-bd80-058d09d54df9,Stephen Ramos,"Murphy, Davis and Montgomery","023 Flores Hollow Apt. 026
Edwardsborough, PW 61084","['Steak', 'Soup', 'Pasta']",89.4,Cancelled,2026-01-18 02:40:43,2026-02-05 11:15:40,Paid
56229211-3335-47d4-aecd-ee0191a41994,Amanda Sanders,"Wall, Johnson and Schmidt","30530 Erica Lakes
Scottport, KY 59277",['Sandwich'],18.18,Delivered,2026-01-03 16:22:44,2026-02-15 03:39:10,Unpaid
a1949807-e26c-4c55-bbd8-4f0d29a74905,Denise Lewis,Townsend PLC,"76703 Wendy Mission
West Crystal, MD 79572",['Sushi'],67.08,Cancelled,2026-01-28 08:10:32,2026-02-08 23:54:53,Paid
fb27f35f-b704-45e2-9142-375c149f9945,Erin Hunt,Charles Ltd,"59260 Anderson Divide
Michelleshire, NE 48297","['Steak', 'Burger']",44.66,Delivered,2026-01-27 03:10:52,2026-01-21 19:18:48,Unpaid
023088a4-0482-45c8-94ab-768dd7c429bf,Elizabeth Burch,Castillo-Foster,"71626 Stephen Spurs Suite 148
New Cristianberg, MS 31307","['Pizza', 'Steak', 'Salad']",74.77,Cancelled,2026-01-21 07:13:50,2026-02-08 13:21:49,Paid
96c8a6df-abcc-456c-857a-c554873710c9,Stephanie Hanson,"Crawford, Davis and Evans","428 Lisa Dam Apt. 671
East Kaitlyn, KS 09466","['Sushi', 'Burger', 'Sandwich', 'Tacos']",24.46,Cancelled,2026-01-27 02:41:51,2026-02-08 04:52:40,Refunded
c223c331-2119-4548-bc66-2d856c712d46,Katie Mendoza,Robinson-Jimenez,"41618 William Mill Apt. 120
North Sherriside, NE 20638","['Salad', 'Pasta', 'Tacos', 'Fried Chicken']",53.72,Pending,2026-02-06 22:38:42,2026-02-07 16:55:42,Unpaid
6be4707b-a64a-4891-88f5-09a1d3b8c9be,Kimberly Bray,"Le, Haas and Martinez","PSC 7970, Box 6221
APO AA 47514","['Pasta', 'Sandwich', 'Sushi', 'Soup']",35.2,Cancelled,2026-01-03 23:41:02,2026-02-08 16:27:12,Unpaid
a7dd88c4-9030-4906-8a7d-12a2fb597a17,Joshua Roberts,Powell-Baker,"4038 Rodriguez Keys Suite 462
South Gabriela, MH 59475","['Tacos', 'Pasta']",29.01,Cancelled,2026-02-14 13:14:33,2026-01-10 08:32:11,Refunded
f510a185-b062-4a7e-b7d3-e323f614c36d,Debra Spence,Hughes-Mccarthy,"036 Crawford Landing
Stoneburgh, SD 35371","['Burger', 'Salad', 'Tacos']",83.22,Delivered,2026-02-11 07:06:49,2026-02-10 17:55:36,Paid
f4033b4c-4186-4c57-8500-2320fac1e5c4,Krystal Gilbert,Hernandez Inc,"4870 Smith Loaf Apt. 914
Ginaborough, RI 43924","['Sushi', 'Tacos']",98.98,Cancelled,2026-01-28 01:45:48,2026-02-28 00:33:48,Paid
bd3ffc03-9bc6-44c7-8146-c28c66e65260,Mark Brown,Hodges-Ramirez,"10088 Payne Center Apt. 210
Phillipsfurt, ND 50900","['Tacos', 'Steak', 'Burger', 'Soup']",30.25,Pending,2026-01-02 22:16:24,2026-02-23 07:59:27,Refunded
47fb1e93-77a9-489f-8f9d-29e5d70e2d6d,Jessica Howard,Lee-Greer,"84554 Palmer Alley
Gonzalezchester, FL 76193","['Sushi', 'Burger', 'Sandwich']",65.44,Cancelled,2026-02-16 05:50:26,2026-01-01 10:08:12,Refunded
5da93e61-b0a4-48b0-993e-c34c5c114c43,Amanda Torres,"Walker, Woods and Villarreal","96043 Case Brook Suite 637
Mcgeebury, TN 47513","['Pizza', 'Tacos', 'Steak']",98.95,Pending,2026-02-26 18:56:16,2026-01-02 11:51:03,Unpaid
da81c417-a507-4a3a-9d37-d6f74c2df45d,Brittany Smith,"Ibarra, Reynolds and Sherman","2810 Wise Stream Apt. 947
East Amandaton, TN 36148","['Tacos', 'Salad']",67.5,Pending,2026-01-28 13:07:49,2026-02-15 15:19:19,Refunded
26500c6d-e4ec-4f81-aca7-f648d74ffa50,Melody Vasquez,"Medina, Carr and Vargas","Unit 9284 Box 3892
DPO AA 33516","['Sandwich', 'Pizza', 'Soup']",73.16,Cancelled,2026-01-15 02:53:30,2026-01-27 05:28:09,Unpaid
2df2f49d-4c74-4271-a621-d6e63cf496d7,Tyler Carr MD,Strickland LLC,"63295 Harris Row Apt. 910
Lisafurt, TN 61627","['Steak', 'Salad']",38.57,Cancelled,2026-02-14 02:11:40,2026-02-11 09:08:48,Refunded
0be893ae-c358-4a73-82dd-ddeffeaa49e5,Nicole Cook,Downs-Torres,"77620 Laura Circles
Jonesside, NV 75663",['Burger'],29.23,Pending,2026-01-31 21:35:16,2026-02-11 03:37:45,Refunded
5cf45adc-7185-4fdc-947f-bf93ccb0767c,Sally Owens,Wyatt PLC,"5743 Christine Island
Stephanieside, MO 18600","['Steak', 'Fried Chicken', 'Sushi', 'Salad']",53.98,Pending,2026-01-24 02:26:02,2026-03-02 05:24:14,Unpaid
19770066-7840-4774-9584-c3ab55dd7a83,Zachary Rodriguez,Wilson-Ryan,"4536 Crystal Landing Apt. 522
Monicaville, MA 78143",['Sushi'],87.2,Delivered,2026-02-27 11:21:34,2026-01-31 22:46:11,Refunded
9cf1db5b-002d-4b8f-882a-76d347258dfc,Reginald Warren,Blair-Martinez,"88142 Fisher Common
Drakeburgh, MI 34305","['Burger', 'Sandwich', 'Sushi', 'Steak']",76.05,Pending,2026-01-20 09:09:19,2026-02-27 19:21:41,Refunded
48546c5f-fc8f-494d-bd18-77fe7971f3e8,Cheryl Austin,Lopez-Fernandez,"119 Garcia Fields Apt. 647
Lake Michelemouth, WY 80764","['Fried Chicken', 'Salad', 'Sandwich']",94.4,Cancelled,2026-02-03 09:52:37,2026-01-28 07:37:25,Paid
38c3b31e-61c2-4185-8b7a-06f560e3758a,Steven Carpenter,Beck PLC,"5199 Welch Mills
Port Richard, CT 57924",['Sandwich'],83,Pending,2026-01-19 11:34:41,2026-02-12 12:50:01,Refunded
926bb500-88b0-4108-9b6c-340b50a74809,Derek Hayes,"Robinson, Watson and Herrera","889 Debra Brook
North Christianton, DC 42922","['Fried Chicken', 'Sushi']",62.67,Delivered,2026-01-29 19:57:34,2026-02-04 10:59:14,Paid
199cfff0-b6d4-44c0-b473-d74b9bd27c5c,Sherri Hall,Robinson-Leblanc,"Unit 0052 Box 9630
DPO AA 15363","['Burger', 'Salad']",52.99,Delivered,2026-02-27 08:18:41,2026-01-16 22:18:53,Paid
97cd15b2-6be8-43e5-8887-66ecb683134b,Joel Hardy,Vincent-Neal,"0413 Kenneth Highway Suite 940
Robertland, NJ 50144",['Soup'],63.79,Cancelled,2026-01-21 15:47:31,2026-02-01 14:36:02,Refunded
27b6058a-a227-448f-8eb6-e4595b24425c,Penny Cabrera,Adams PLC,"326 Carolyn Forest
Garciachester, WI 99853","['Pasta', 'Burger']",82.64,Pending,2026-01-02 13:33:11,2026-02-24 12:46:06,Refunded
699cf590-8d47-4b42-89bd-b1d2f2bb62ee,Ashley Phillips,Dixon-Alexander,"144 Gross Fork Apt. 220
West Samuelport, MN 06649","['Fried Chicken', 'Soup', 'Tacos']",91.49,Delivered,2026-02-08 12:25:30,2026-02-09 09:41:08,Unpaid
36b4c999-6539-4ef8-93cb-2cd09d2cae05,Jeffrey Campbell,Johnson-Robbins,"42449 Bell Rest Suite 752
Watsonberg, MI 79301","['Sandwich', 'Soup', 'Tacos', 'Sushi']",26.66,Delivered,2026-01-08 21:29:01,2026-02-22 09:28:23,Refunded
5685ea6f-95d5-47b0-be6f-7d4dc8234cfa,Bridget Sawyer,Morrison and Sons,"4512 Jason Inlet Apt. 062
Ericville, ND 15816",['Fried Chicken'],59.27,Delivered,2026-03-01 19:33:01,2026-01-11 04:05:50,Paid
cc51c45b-5d3c-412b-a1a4-04479752eb57,Reginald Lee,Hill Inc,"42894 Hood Shore Apt. 236
New Jonathanborough, MN 99290","['Pizza', 'Steak']",88.11,Pending,2026-02-24 12:20:11,2026-01-02 19:13:36,Refunded
36ffe552-b72f-4c10-8694-ee8d82521c69,Jason Horton,"Smith, Leon and Oliver","05486 Stephanie Lakes
South Tonya, AZ 29765","['Salad', 'Steak', 'Fried Chicken']",62.09,Delivered,2026-01-09 02:53:48,2026-01-18 01:33:08,Unpaid
754d4d6f-1adb-4d78-9adf-332420c9dfcb,Sandra Shannon,Chavez-Hall,"5720 Rachel Orchard
Williamview, AL 57611","['Burger', 'Soup']",49.94,Pending,2026-02-09 12:20:15,2026-02-13 14:42:04,Unpaid
31449ae9-ce47-4a16-b1b4-cba5fa54d067,Rachel Porter,Rocha-Rivera,"1028 Jennifer Manors Apt. 182
Tinamouth, NV 15159","['Pizza', 'Salad', 'Soup']",18.04,Cancelled,2026-01-02 22:12:19,2026-01-03 06:44:06,Paid
968defab-97c1-40de-a9b7-1243a3ed8c49,William Romero,Terry-Francis,"1678 Taylor Plains
Brianfort, AR 71135",['Sandwich'],84.62,Delivered,2026-01-02 19:23:40,2026-02-10 03:47:38,Paid
0016ed3e-fc6e-4f6c-a293-4586c2c4484a,Karen King,Hanson-Brown,"06084 Heather Run Suite 593
East Janetburgh, PA 04316","['Sushi', 'Pasta']",77.57,Delivered,2026-02-11 08:19:51,2026-02-27 05:37:54,Unpaid
7805c16a-bf72-42f4-b521-f235eef55d93,Thomas Gordon,Ellis and Sons,"56557 Miller Road Apt. 996
Coleland, AR 52904","['Sandwich', 'Fried Chicken', 'Steak']",88.38,Delivered,2026-01-12 12:29:50,2026-01-30 14:19:41,Paid
f42c60c1-93be-4222-a464-dde94509adf5,Lisa Baker,Daniels-Collins,"860 Kristopher Springs
New Danielle, SD 32745","['Pizza', 'Sandwich', 'Fried Chicken']",53,Cancelled,2026-02-26 02:06:31,2026-02-13 06:06:02,Unpaid
7777a9ad-1a41-46ae-ae42-2d7997f07150,Kathleen Foster,Thompson-Hartman,"29160 Savannah Path Suite 647
Lambmouth, TN 69772",['Salad'],95.65,Pending,2026-01-16 23:43:59,2026-01-29 09:42:37,Unpaid
700510ed-2791-4a67-88ed-dd5906737bd0,Alicia Morris,Moreno-Ware,"318 Black Greens Apt. 734
Port Regina, MT 38082","['Steak', 'Sushi', 'Pizza', 'Burger']",23.46,Delivered,2026-02-23 05:31:20,2026-01-22 09:00:33,Paid
c4d0809c-df07-40de-aad9-8852d7e93df3,Sarah Singh,Roman Ltd,"11396 Perez Rapids
Port Mindymouth, PR 82328","['Soup', 'Sandwich', 'Burger']",53.07,Cancelled,2026-01-13 11:22:43,2026-01-10 07:50:58,Unpaid
4215bd8f-8828-4f57-a6f2-c23854738f75,Michael Williams,"Pitts, Grant and Hawkins","371 Michael Gateway Apt. 364
Bentonstad, WY 92807","['Steak', 'Sushi', 'Soup', 'Sandwich']",80.67,Pending,2026-01-13 12:39:15,2026-02-22 04:20:12,Refunded
5695b758-2260-4617-8c4e-50b30d1f95c9,John Everett,"Sandoval, Pena and Knight","401 Jessica Mews
Port Mathew, KY 30510","['Soup', 'Pasta', 'Steak']",84.62,Pending,2026-01-20 16:23:22,2026-01-14 10:29:59,Paid
635e0f9e-adc4-4387-8f15-f47f7a8f8c90,Danielle Herman,Castillo-Carroll,"69318 Bennett Stream Apt. 610
Johnberg, MS 90090","['Sandwich', 'Tacos', 'Burger']",36.24,Pending,2026-02-12 12:30:41,2026-02-26 13:40:00,Paid
e651dbff-1300-4ca0-8662-532d19dac13e,John Yoder,Rose Ltd,"USNV Huber
FPO AA 05717","['Sushi', 'Pasta', 'Burger']",67.23,Pending,2026-01-17 09:47:39,2026-02-09 13:11:19,Refunded
adc511f3-4a09-4174-8a03-de0fb04b0b33,Anne Costa,Murphy PLC,"426 Donovan Walks Suite 133
Jacksonshire, MN 66607","['Pizza', 'Sandwich']",61.24,Cancelled,2026-01-13 03:54:30,2026-01-17 16:41:56,Unpaid
d0e7ddbf-d12b-4c8b-9aee-42d2c9aa20b1,Michael Gonzalez,Cruz-Hunter,"228 Watson Key Apt. 267
Port Tonyville, NM 15595","['Pizza', 'Sushi']",29.41,Pending,2026-02-23 20:55:21,2026-01-20 02:28:02,Paid
9760cf6f-9e9c-4e4b-8a39-50055385d0ed,Ashley Stanley,Ramos Ltd,"53948 Bailey Mews
Port Mary, RI 53828","['Pasta', 'Sandwich']",41.69,Pending,2026-02-16 00:45:10,2026-02-28 10:08:22,Paid
935efc5a-cdef-4c1b-9dc6-b58be899801b,Fred Bennett,Flynn LLC,"16657 Werner Mews Apt. 939
Michaelton, IL 23782","['Fried Chicken', 'Sandwich', 'Tacos', 'Soup']",79.64,Delivered,2026-01-23 04:37:27,2026-01-09 06:32:15,Refunded
88606d94-7893-4858-8a08-c4cc3bc5d711,Richard Hill,"Long, Wright and Reynolds","464 Kayla Springs Apt. 167
Lake Deborahtown, TN 17464","['Pizza', 'Fried Chicken', 'Soup']",45.22,Pending,2026-01-26 15:42:33,2026-02-13 06:58:15,Unpaid
5153ddf8-a152-478e-bb72-011e975ed95b,Amy Brooks,"Jordan, Collins and Parsons","20744 Blackburn Bridge Apt. 524
Garciastad, IA 57442","['Pasta', 'Sandwich']",81.81,Cancelled,2026-02-20 09:45:19,2026-02-23 04:05:23,Unpaid
3d393b10-c951-4ce3-b64c-9f5b28694b36,Debra Richmond,Weiss-Beltran,"86808 Davis Pass Apt. 079
New Melanieshire, PW 69772","['Soup', 'Fried Chicken', 'Burger']",75.18,Cancelled,2026-02-08 22:52:30,2026-01-04 22:56:51,Unpaid
8514100f-717d-4655-8833-fbe63cdce469,Hannah Smith,Thomas and Sons,"24044 Megan Harbors Suite 063
Martinshire, GU 83173","['Sandwich', 'Pasta']",96.31,Pending,2026-02-16 21:06:20,2026-02-10 14:16:12,Unpaid
3c4aae8b-003f-477c-a85d-64500d1ea29e,Carol Lopez,"Underwood, Baker and Garcia","1508 Donaldson Lake Suite 886
Paulton, HI 12396","['Soup', 'Fried Chicken', 'Pizza']",83.57,Pending,2026-01-21 03:13:40,2026-02-23 08:28:21,Refunded
d134544c-df7e-4801-8e6a-63dd2dd9952f,Lee Henderson,"Castaneda, Morris and Black","9058 Grimes Courts Apt. 943
East Josephmouth, OK 30835","['Soup', 'Sandwich', 'Salad', 'Tacos']",75.26,Delivered,2026-02-26 00:27:50,2026-02-01 01:23:59,Refunded
acf03b52-fe48-40a1-90c3-d404e7ed222c,Larry Edwards,Davidson-Wong,"7338 Castillo Burgs Suite 472
Bartonside, ID 09916","['Soup', 'Fried Chicken']",23.82,Cancelled,2026-01-30 11:15:23,2026-02-23 15:25:45,Paid
a2327b62-58f6-485a-a3d0-e1f7432b7488,Richard Griffith,Ramirez-Hampton,"36646 Parker Haven
Andersontown, DE 82178","['Salad', 'Sushi', 'Tacos']",58.71,Delivered,2026-02-12 01:43:50,2026-02-12 12:19:02,Paid
ea16b745-3f46-433a-9722-61237058a97b,Ryan Donaldson,"Hernandez, Lee and Kent","330 Hudson Isle
Baileyhaven, AS 45842","['Soup', 'Steak', 'Fried Chicken', 'Pizza']",57.29,Cancelled,2026-03-02 10:13:41,2026-02-19 18:57:28,Refunded
d958339f-7ae8-4f5b-a7fd-f83647374646,Laura Mason,"Brown, Williams and Obrien","67810 Johnson Shoals
Collinstown, NJ 81834",['Burger'],32.98,Cancelled,2026-02-25 04:19:54,2026-02-15 22:20:31,Unpaid
335cc0e1-c70d-404d-b59b-eb0fb796e6ad,Amy Sanchez,Nelson-Harris,"36441 Frazier Court Suite 811
Vargaschester, MT 76183","['Fried Chicken', 'Burger']",70.96,Cancelled,2026-02-06 21:37:32,2026-02-01 01:39:31,Unpaid
41ad2b2f-c2e0-4484-b05b-413302914b20,Bridget Wilson,"Bishop, Mills and Oconnor","PSC 7416, Box 2498
APO AP 75174","['Burger', 'Pizza']",82.18,Cancelled,2026-02-27 16:51:42,2026-02-01 00:35:04,Unpaid
e9b144af-beb2-452c-a878-2a723892eab0,Jennifer Parker,Thomas Ltd,"13982 Miller Lodge Suite 931
Lake Valerieside, OR 91049","['Tacos', 'Pasta', 'Pizza']",96.8,Pending,2026-01-08 11:41:00,2026-01-08 18:15:37,Unpaid
7508d817-f41b-4c65-9a34-9167a06e4e45,William Thompson,Nichols-Rowe,"12590 Sanchez Ville
South Daniel, OH 20924","['Burger', 'Steak', 'Fried Chicken', 'Sushi']",34.37,Delivered,2026-01-25 20:41:16,2026-01-05 14:22:32,Paid
69bf4a8c-1029-4d9e-95bf-40846649299f,Mary Hernandez,Jensen Inc,"06979 Walker Cape
Austinstad, TX 06927","['Salad', 'Burger']",75.05,Cancelled,2026-02-15 02:26:49,2026-02-05 13:15:31,Unpaid
435db0c5-95cb-4f9d-8760-c2867c306c7d,Jacob Boyd,Brennan-Gomez,"0730 Mackenzie Mountain
Jaimechester, PR 52811","['Salad', 'Pasta', 'Fried Chicken', 'Sushi']",15.55,Pending,2026-01-31 05:31:32,2026-02-02 17:51:15,Paid
908a6b20-452b-44ed-8fc4-95756f05ae4a,Zachary Garrison,Taylor-Brown,"347 Stone Harbors Suite 546
Pennyville, SC 91051","['Salad', 'Soup', 'Sushi', 'Tacos']",55.18,Cancelled,2026-01-28 21:06:45,2026-01-04 19:12:07,Refunded
1dac8450-ff4f-4e6c-b3d9-1d486100f6ed,Yolanda Garza,"Lee, Adkins and Jordan","622 William Views
New Austinville, WI 08923","['Pasta', 'Tacos', 'Steak']",67.06,Pending,2026-01-26 03:33:28,2026-01-06 14:13:34,Refunded
01adfdbf-0852-4332-9be1-327a19938ca4,Catherine Garner,Hensley-Brooks,"167 Lisa Gateway
Lindaland, WI 29008","['Sandwich', 'Pizza', 'Sushi']",88.61,Cancelled,2026-02-19 12:27:50,2026-02-15 01:44:31,Refunded
90019061-a4f7-4741-b97a-a4c792ca1f9a,Ashley Garcia,Wade Group,"4040 Jones Avenue
Cruzville, PW 01767","['Sushi', 'Soup']",62.9,Pending,2026-01-30 21:35:57,2026-01-09 00:05:43,Refunded
7a9598d4-b861-4069-b009-d70dee25ecda,Ashley Vang,Anderson-Baker,"54759 Steven Mountains Suite 382
East Jasonchester, MS 55918",['Steak'],87.1,Pending,2026-02-24 01:04:13,2026-01-02 09:59:45,Unpaid
b6492ccc-3eb2-48ff-b39b-b47c4eb8c8d9,Christina Henry,"Turner, Silva and Owens","920 Melissa Camp
Taylorfort, MI 90409","['Steak', 'Fried Chicken', 'Tacos']",78,Pending,2026-01-03 11:55:13,2026-01-10 15:03:20,Paid
9b3a97c8-c8b8-408d-88da-49f8a392fe2d,Edward Armstrong,"Mendoza, Gross and Petty","USNS Cohen
FPO AA 42874","['Sushi', 'Soup']",95.93,Pending,2026-02-04 08:19:53,2026-01-20 14:56:22,Refunded
c2a6f47a-0490-42c3-aec8-803a3b8f66fc,Philip Costa,Patel-Olson,"418 Benson Tunnel
Frankburgh, WA 70459","['Salad', 'Pasta', 'Sandwich', 'Tacos']",26.66,Cancelled,2026-02-21 03:28:32,2026-02-10 07:27:23,Refunded
69a05111-faf0-4d69-8dd5-798c39887d76,Martha Andrade,King-Wilson,"2930 Colin Loop Apt. 660
West Matthewport, PA 58280","['Tacos', 'Pasta']",41.38,Pending,2026-01-15 10:44:13,2026-02-27 12:17:56,Unpaid
c8054f5d-7c02-416d-994f-8af15b3c5aa0,Philip Smith,"Shaffer, Woods and Martin","9191 Mckay Plains
Lake Sharon, VA 21043","['Sandwich', 'Pizza', 'Steak', 'Fried Chicken']",73.43,Cancelled,2026-03-02 00:46:30,2026-01-21 02:00:27,Unpaid
90f010dc-7bb0-413e-8516-475ad4034136,Michael Delgado,Martin-Roberts,"7625 Anderson Estates Apt. 088
South Daltonmouth, MS 43684",['Tacos'],35.78,Cancelled,2026-01-01 23:04:42,2026-02-10 22:48:52,Unpaid
d8153313-ca92-4821-bd38-dd90f011b125,Charles Soto,"Robinson, Taylor and Garcia","7121 Tina Grove Suite 467
Port Lisabury, MS 27376","['Tacos', 'Salad']",39.99,Pending,2026-02-14 08:49:58,2026-02-05 12:38:58,Refunded
2dfc1d41-baf2-497c-958a-14421f16ed7f,Jennifer Griffin,Hinton Ltd,"70695 Wendy Court Suite 941
North Natalietown, MN 09131","['Salad', 'Burger']",84.08,Pending,2026-02-09 14:23:11,2026-02-28 11:53:49,Paid
f61da056-03a2-4c8f-a458-9ce0621fd0e1,Nancy May,Rojas-Fry,"4612 Cruz Plain Suite 458
Lake Aaron, NY 54236","['Sushi', 'Fried Chicken', 'Sandwich']",54.65,Cancelled,2026-02-10 01:41:29,2026-01-15 01:41:52,Paid
f6318119-c91e-4316-bf86-15e0bcba11e7,Terry Cross,Dixon Group,"431 Giles Loaf Apt. 153
Bowerschester, WV 93586","['Fried Chicken', 'Sushi', 'Burger', 'Sandwich']",41.5,Pending,2026-01-20 02:51:13,2026-01-12 11:35:12,Paid
9ae2d9aa-1022-442a-9327-6801ad3bd79c,Julian David,Maldonado Group,"46379 Quinn Trail Apt. 476
Dannystad, VA 93227",['Salad'],59.22,Pending,2026-02-27 23:20:36,2026-02-14 15:39:28,Paid
cb634b5f-daf9-4d68-bbf4-0a7117464d47,Brian Gonzalez,Jenkins PLC,"0944 Jennifer Prairie Suite 335
New Michaelbury, MA 46765","['Tacos', 'Steak']",66.94,Pending,2026-02-18 02:33:19,2026-01-05 17:18:42,Paid
addf5dc4-47b8-4f9e-8c02-476cd0c260c7,Barbara Rodriguez,Chen-Jackson,"44588 Shannon Cliff
Barnetttown, CO 46192",['Sushi'],21.23,Delivered,2026-02-16 08:01:06,2026-01-12 02:26:45,Unpaid
fb61b61f-6842-4719-9e51-5d5a83eb4a2f,Billy Wilson,"Davis, Stuart and Lee","882 David Knoll Suite 256
North Raymondbury, CA 44215",['Pasta'],58.87,Pending,2026-01-20 11:29:05,2026-02-20 01:35:30,Unpaid
b289103f-07bf-4f78-90e1-dd584249f825,Sara Williams,Wade-Skinner,"5296 Walton Parkways Apt. 565
Danielhaven, GA 52481","['Sushi', 'Salad']",85.56,Pending,2026-01-06 22:10:04,2026-02-06 21:04:11,Refunded
9209931f-2563-4235-8e03-27e16369fb40,Ricky Hoover,Williams Group,"80146 Charles Route
Port Mistyberg, NE 48617","['Steak', 'Pasta', 'Pizza']",55.37,Pending,2026-03-02 05:06:13,2026-02-24 23:53:00,Refunded
33739b65-9086-42a9-8b37-778055690b58,Stephanie Garcia,Erickson and Sons,"4258 Wright Coves Suite 587
Kathrynside, NC 39441","['Salad', 'Burger', 'Sandwich', 'Fried Chicken']",82.94,Pending,2026-02-24 13:27:49,2026-01-03 07:32:24,Unpaid
5bd9929a-f6ca-49f2-a16c-0784afd881de,Kristin Mcfarland,Mcclain Ltd,"77542 Melissa Crossroad Suite 874
Teresatown, IA 40132","['Sandwich', 'Fried Chicken']",52,Pending,2026-03-02 07:13:28,2026-02-16 03:01:34,Refunded
73cfb167-3529-4467-81e5-af1fb98ff2c9,Eric Charles,"Bond, Williams and Bell","751 Christopher Spur
Lake Edwinfurt, AR 66965","['Sandwich', 'Pizza', 'Sushi']",54.92,Pending,2026-02-10 09:56:19,2026-02-04 05:42:30,Paid
a1049e85-7429-41a5-b8ed-cf620049c320,Christopher Rojas,"Cline, Moon and Garza","8098 Watkins Drives Apt. 166
Gonzalezland, VT 97413","['Steak', 'Tacos', 'Salad']",51.71,Pending,2026-02-22 18:37:30,2026-01-10 06:40:36,Unpaid
0c971b55-3530-473a-a15d-a648b2e08b69,Mr. Ryan Gilmore Jr.,Fletcher Group,"Unit 5472 Box 0490
DPO AA 76680","['Soup', 'Burger', 'Pizza', 'Sushi']",41.42,Pending,2026-01-24 01:27:30,2026-01-09 22:19:58,Paid
e2748441-b364-42c1-b954-21d25f61ca9a,Patrick Randolph,"James, Smith and Davis","81869 Michelle Ville
Sanchezfurt, VA 38674","['Pasta', 'Pizza', 'Tacos']",20.22,Delivered,2026-01-22 23:16:37,2026-01-14 13:45:51,Unpaid
d504e0f3-9552-461d-b97b-1c818722f2df,Leslie Ward,Love-Cobb,"875 David Hill Apt. 375
North Darlene, MN 50854","['Sandwich', 'Pasta']",78.02,Cancelled,2026-02-26 22:54:38,2026-01-28 19:20:30,Unpaid
71794042-4c7a-4045-8892-997f53e88ab0,Kathleen Harrington,Young Ltd,"909 Brown Wall
North John, MI 52216","['Sandwich', 'Salad']",74.77,Delivered,2026-02-17 01:47:19,2026-01-20 20:55:13,Refunded
4dba77e4-160d-4723-89bb-53ad1f926564,Lawrence Davis,Williams-Mitchell,"43192 Joseph Pines
Jenkinshaven, MO 97365","['Salad', 'Pizza', 'Fried Chicken']",81.48,Pending,2026-02-05 08:48:07,2026-01-21 11:20:48,Unpaid
6f4aea33-a7c7-40a1-97c1-e17d3697f970,Christina Stout,Johnson PLC,"92067 Roberto Shore Suite 726
Smithport, RI 93969","['Pizza', 'Tacos']",98.94,Pending,2026-02-14 02:01:46,2026-01-19 18:48:04,Refunded
28d88d3b-aa0b-4947-bcbc-b6616171e0f6,Matthew Moore,Glenn PLC,"936 Mccoy Ville
Watersfurt, SD 24746","['Pizza', 'Steak']",30.63,Delivered,2026-01-31 07:47:15,2026-01-30 06:34:06,Unpaid
242162a6-a6aa-4097-95b2-399d9a4f6b06,Samuel Williams,Davis-Perez,"13376 Jason Streets
Ricefurt, AL 37680",['Sandwich'],25.02,Delivered,2026-01-11 03:19:23,2026-01-26 20:32:22,Refunded
a4f5c272-4d07-4e84-b2a8-b3dab08d558a,George Chan,Gutierrez PLC,"4786 Lewis Valleys Apt. 892
Chapmanshire, OH 27981","['Tacos', 'Sushi']",27.59,Cancelled,2026-01-03 09:45:00,2026-01-11 18:03:26,Unpaid
8597bf97-c104-4f29-be73-291a5a83c9dd,Johnny Neal,Martin Group,"2264 Kelly Meadow
Jonathanfort, OK 37866","['Sandwich', 'Pizza']",98.11,Cancelled,2026-01-27 04:52:08,2026-01-26 21:03:35,Refunded
9b396c2e-9f6b-47f6-884a-e8692df7f2ce,Kimberly Hall,Munoz and Sons,"185 Smith Crescent
South Tylerchester, NJ 82023","['Pasta', 'Burger', 'Tacos', 'Salad']",82.69,Cancelled,2026-01-01 23:02:45,2026-01-11 18:48:15,Unpaid
08f92eb8-91d4-4ed1-a2ac-1fa8b6a2f1b6,Audrey Mills,Reynolds and Sons,"253 Delacruz Union Apt. 828
East Charles, AK 83276","['Steak', 'Pizza', 'Salad', 'Soup']",61.13,Delivered,2026-01-29 13:59:03,2026-01-05 17:26:37,Paid
165ba0bd-c045-4869-9879-5eef34e136b9,Martin Dunlap,"White, Gonzalez and Johnson","4859 Norris Tunnel
Dannyberg, CT 04316","['Salad', 'Fried Chicken', 'Tacos', 'Steak']",66.9,Delivered,2026-02-22 20:14:59,2026-02-01 07:10:28,Paid
e27f38f3-543f-4260-9b8b-d9fad1b09a84,Brandon Duncan,Reed Group,"00383 Johnson Pike Suite 520
Johnsonview, WI 01202",['Pizza'],40.87,Cancelled,2026-01-13 08:45:38,2026-01-05 02:23:21,Refunded
7ccd21e0-40da-4a80-8217-c61be774a088,Brandon Smith,Mann Inc,"8804 Samantha Greens
South Denise, NY 83359","['Pizza', 'Sandwich']",50.94,Cancelled,2026-01-31 15:31:59,2026-01-16 22:15:47,Refunded
031ccf4b-3bda-4747-8ad0-8616aa2d69da,Kyle Oliver,"Long, Washington and Burton","Unit 2713 Box 1274
DPO AE 33054","['Burger', 'Pizza']",27.74,Cancelled,2026-02-17 18:38:45,2026-01-25 11:37:19,Paid
0833a0a9-abc2-481b-995e-6d4988c3f583,Ashley Barnett,Molina-Webster,"75726 Luke Pine
Wiseport, WV 08180",['Burger'],42.54,Cancelled,2026-01-22 09:50:20,2026-02-26 21:45:51,Refunded
81393dbf-6f7f-4a07-ba37-b3c243e12e74,Charles Werner,Ashley Inc,"2663 Johnny Court
West Jason, VT 45763","['Tacos', 'Soup', 'Pasta', 'Sandwich']",88.98,Pending,2026-02-12 14:13:03,2026-01-23 04:06:15,Paid
ca1f8788-e301-4950-a3fe-14dda9b5efe2,Calvin Ibarra,"Baker, Proctor and Mcdonald","086 Wu Land
New Randymouth, MD 66925",['Soup'],99.35,Cancelled,2026-01-13 06:30:08,2026-02-24 12:08:05,Paid
c8c02534-440a-4f97-bc6d-318696021985,Randy Murphy,Gibson-Harris,"Unit 2476 Box 7001
DPO AE 39612","['Steak', 'Salad', 'Tacos']",90.79,Cancelled,2026-03-02 10:28:42,2026-02-02 21:31:29,Paid
3344680f-7dab-4d16-b51f-95e2cc602151,Michele Garrison,Campbell LLC,"1892 Wu Pike
Christianton, GU 66305",['Sandwich'],63.83,Pending,2026-01-25 01:18:46,2026-01-17 21:35:33,Paid
d690aef6-e6cf-4f3a-ae0d-8ddc4569f35a,Joshua Malone,Johns-Simmons,"57258 Evelyn Courts
Millerburgh, NC 75667",['Soup'],24.5,Delivered,2026-01-19 06:40:38,2026-02-18 12:55:02,Paid
69cfc3d8-c42c-4d45-87a5-ca82958bcdf3,William Johns,"Bullock, Stanley and Nguyen","18807 Jason Haven Apt. 888
Port Jessicaburgh, TX 25356","['Pasta', 'Fried Chicken', 'Soup']",39.94,Cancelled,2026-02-27 04:17:35,2026-01-22 04:40:58,Unpaid
1cd741fb-a94d-4df8-a805-a3607d2d6e8d,Lisa Fleming,"Massey, Vance and Valdez","887 Jennifer Run
East Christie, NJ 70287","['Soup', 'Sandwich']",82.04,Delivered,2026-02-16 21:00:38,2026-02-19 20:35:40,Unpaid
a20bea43-87de-44d6-b9bc-664601f19725,Dominic Russell,Lee-Hoover,"6498 Smith Lodge Suite 790
East Cassandra, PW 03694","['Sushi', 'Fried Chicken']",49.64,Cancelled,2026-01-23 13:00:18,2026-01-27 07:46:15,Refunded
8584ab4d-8caf-4f2a-b2e7-62c902fedc16,Aaron Perez,Davis-Hester,"4938 Christopher Village
East Brandonland, MH 08395","['Soup', 'Fried Chicken', 'Pizza', 'Sushi']",26.29,Cancelled,2026-01-10 07:46:19,2026-02-09 11:29:34,Paid
67c8dd07-4ce5-4ab1-83ae-85137be2bb93,Jennifer Rasmussen,"Berry, Gilbert and Patterson","68359 Marie Road
Spencerstad, MT 35195","['Burger', 'Soup', 'Tacos', 'Pasta']",51.17,Pending,2026-01-21 10:13:23,2026-02-08 07:19:03,Unpaid
1e3a5451-baca-4d1f-8221-4261dbd70de8,Stephanie Hoffman,Lee-Young,"1620 Green Island Suite 289
Autumnfurt, WA 32014","['Pasta', 'Soup']",78.6,Delivered,2026-02-08 14:27:01,2026-03-02 12:45:03,Paid
2a28ec59-5892-4c71-a055-a9eb6ecd319c,Thomas White,"Thompson, Johnson and Cabrera","76131 Matthew Burgs Apt. 109
Johnnyshire, NV 89351","['Burger', 'Pasta']",29.76,Cancelled,2026-01-25 03:57:45,2026-02-22 09:26:24,Unpaid
3099f599-02d8-4a1c-89fa-155a8fcd90eb,Rachel Fuller,Clark-Gonzalez,"PSC 1816, Box 9781
APO AE 75514","['Soup', 'Pasta', 'Pizza', 'Salad']",85.15,Pending,2026-02-26 07:26:51,2026-02-13 16:00:03,Unpaid
11bdb19a-bbd0-4e91-9257-be5e747e83d5,Samantha Vasquez,"Robinson, Hayes and Davenport","8106 Jones Burg
Lake Mirandaborough, KS 79502","['Soup', 'Sushi', 'Steak', 'Pizza']",62.68,Delivered,2026-01-22 16:55:51,2026-01-16 02:39:58,Paid
a5172577-cb09-4b4c-94b7-dde1ed9fa9d2,Gregory Owen,"Martinez, French and Short","62267 David Harbor Suite 318
Chadhaven, MT 87125","['Fried Chicken', 'Sushi']",70.36,Pending,2026-01-24 00:14:01,2026-01-02 08:12:47,Unpaid
da423de6-c9e8-44fe-85d4-7ec8ba21aa0a,Misty Hayes,Harris-Webb,"09960 Cathy Mount
Tracibury, IA 53962","['Pizza', 'Sandwich', 'Tacos', 'Salad']",40.89,Cancelled,2026-01-31 21:26:34,2026-01-12 07:39:51,Unpaid
e846106b-6eab-4547-accc-184177890407,Kelsey Terry,Martinez Group,"15821 Dennis Green Apt. 274
East Allenview, VI 04568",['Salad'],78.26,Cancelled,2026-01-13 10:17:46,2026-01-19 02:29:56,Refunded
9d03a1f4-7a8f-43bb-8f40-f5738ff02f0b,Mrs. Kimberly Barton MD,Krueger PLC,"2445 Price Freeway Apt. 848
East Davidside, AZ 88940","['Sushi', 'Tacos', 'Burger']",20.31,Delivered,2026-01-04 20:16:47,2026-01-19 17:11:51,Refunded
f8616e27-7307-43a7-ab5e-453ab1eb4bb2,Robert Robertson,"Lopez, Zavala and Johnson","748 Brandon Turnpike Apt. 169
Costaville, GU 93002","['Pasta', 'Salad']",92.55,Cancelled,2026-02-13 13:19:40,2026-01-15 06:58:37,Refunded
7fff2940-26fc-4fa4-a625-3aa51a49e764,Robert Todd,Matthews-Mendez,"1179 Allen Courts
Cynthiafort, MS 91220","['Tacos', 'Pasta', 'Sushi']",17.7,Cancelled,2026-02-21 17:49:44,2026-01-21 21:04:26,Unpaid
62eb4c64-248c-4af2-aa35-5d6939fb0b4a,Lawrence Berry,Hendrix PLC,"56144 Reed Gateway Apt. 255
East Christopherside, UT 99484","['Pasta', 'Salad']",88.16,Pending,2026-01-07 14:02:49,2026-02-26 01:35:28,Unpaid
754aedc5-b8b3-4428-8956-69187f057e57,William Castro,Thomas-Hawkins,"PSC 3470, Box 2352
APO AE 83691","['Salad', 'Pizza', 'Burger']",42.32,Cancelled,2026-02-03 15:22:38,2026-02-02 12:33:13,Unpaid
3160924c-9d37-461d-9626-1c8963600dee,Richard Garcia,Hunter Group,"209 Kaufman Stream Apt. 039
North Michaelstad, AZ 89211","['Tacos', 'Pizza', 'Soup']",97.43,Cancelled,2026-02-04 08:42:45,2026-01-22 01:02:19,Unpaid
4c0e13b3-f445-42ab-96a0-448741696832,Joseph Dawson,Martinez Group,"788 Laura Ports
Matthewburgh, VA 66469","['Sushi', 'Pizza']",46.26,Pending,2026-01-21 01:58:04,2026-01-28 02:48:57,Paid
c491dc8f-7b27-4709-a355-a5fb5fb02943,Karen Wolf,"Joseph, Ramirez and Cole","94118 Parker Courts Suite 039
Juliefort, MI 05374","['Pizza', 'Sushi', 'Pasta']",41.18,Pending,2026-01-26 01:43:28,2026-02-21 07:17:29,Refunded
62d48e9b-2fb5-40ae-9e12-1040a2025027,John Hernandez,Anderson PLC,"24167 Perez Manors Suite 651
Cynthiatown, NE 13755","['Fried Chicken', 'Burger']",35.86,Cancelled,2026-02-21 17:29:57,2026-02-07 06:50:54,Refunded
b663301d-d716-44a3-921a-0aff7656ec38,Marvin Hayes,"Bowen, Collier and Luna","PSC 5953, Box 8527
APO AE 65452",['Burger'],36.73,Delivered,2026-02-17 18:50:51,2026-01-01 09:08:03,Unpaid
42449470-c66c-4ba4-8a0c-f506616f7046,Mr. Aaron Harris PhD,"Walker, Mason and Alexander","1664 Hampton Drive
Christyhaven, IA 79885",['Fried Chicken'],56.89,Delivered,2026-02-06 08:41:11,2026-02-16 06:01:32,Refunded
144fed54-1434-400e-a1ad-4172ffd908ce,Kirsten King,Alvarez-Gonzalez,"6232 Howard Ways Suite 103
Donaldville, IA 58845","['Sandwich', 'Steak']",52.86,Pending,2026-01-17 18:51:58,2026-02-26 15:06:04,Unpaid
6ba2cf1a-5589-4634-bc8b-c86fc937fbfa,Jennifer Brown,"Morgan, Chandler and Ray","1794 Patrick Landing
Port Edwardshire, DE 08821","['Pasta', 'Soup', 'Pizza', 'Sushi']",96.99,Delivered,2026-02-20 23:57:06,2026-02-16 03:14:56,Paid
5a96e383-05ad-41a0-bd87-4fec92d05a83,Amber Armstrong,"Knight, Gross and Welch","PSC 4061, Box 0676
APO AE 39144","['Pasta', 'Sushi', 'Soup', 'Steak']",67.04,Delivered,2026-01-16 02:07:28,2026-01-26 19:48:50,Paid
160d4672-96ef-4b87-96c4-34604fda320d,Gerald Brown,Gonzalez-Dixon,"37746 Andrade Skyway
Whiteview, PW 11890","['Tacos', 'Salad']",92.66,Pending,2026-01-18 22:02:07,2026-01-19 14:41:52,Paid
19dc22da-968b-46fd-930e-8aef0987990f,Michael Sanders,"Collins, Williams and Moss","838 Jeremy Parks Apt. 013
Lake Ethan, KY 29222","['Burger', 'Tacos', 'Steak']",73.99,Pending,2026-01-12 02:02:13,2026-02-25 11:30:39,Unpaid
e00deb90-17a4-4729-9cc8-449bfdc0c5fb,Brian Roberts,Fitzpatrick-Ingram,"4547 Jonathan Circle Suite 842
West Amanda, ME 05233","['Burger', 'Sushi', 'Pasta', 'Fried Chicken']",32.91,Pending,2026-02-15 06:58:54,2026-01-11 13:53:31,Unpaid
a54c0509-7c1d-45f9-a3e1-43225533557a,Kevin Wilkerson,"Wood, Perez and Patel","25744 Paul Throughway
Bullockhaven, TX 30698","['Pasta', 'Salad']",64.24,Delivered,2026-02-13 23:58:56,2026-02-26 05:12:17,Unpaid
2bfa019c-c505-4813-9589-9deae5e9a472,Jerry Hendricks,Chavez-Gibson,"14161 Richardson Inlet Apt. 108
North Marcus, MD 80361","['Soup', 'Steak', 'Sushi']",65.28,Pending,2026-01-20 15:12:34,2026-01-06 08:57:49,Refunded
df05a58f-c75c-43fe-864c-ae3327e4309c,Michael Flores,Barron Group,"87760 Richardson Centers
Oneillville, AZ 18122","['Burger', 'Pasta', 'Pizza']",92.88,Cancelled,2026-02-22 19:32:13,2026-02-17 06:28:46,Refunded
4b5b87bb-fc90-4c43-afc6-5f0f9195d395,Heather Shields,Wang PLC,"99076 Smith Club Apt. 101
Kimberlychester, MS 88542",['Sushi'],18.45,Delivered,2026-01-31 20:46:41,2026-02-09 11:39:13,Paid
91e632ba-fd10-4cfe-b7ac-ce265392cd30,Maria Herrera,Vaughan-Davidson,"816 Mark Centers Suite 320
South Tonya, OH 73351",['Sandwich'],28.12,Pending,2026-01-31 12:58:07,2026-01-13 12:26:12,Paid
24f512b3-8cad-40c9-8c84-2ad8f60c5420,Michael Marshall,Myers-Jones,"711 Alexander Locks
Stephenside, SD 15826","['Burger', 'Tacos', 'Sushi']",49.19,Cancelled,2026-02-07 18:23:59,2026-02-08 09:01:10,Unpaid
d44fd94b-7af3-4635-945e-e3ec52d8dd33,Katherine Brown,"Clay, Stewart and Wallace","461 Katie Glens
Ashleyview, IN 59653","['Sushi', 'Soup']",43.71,Delivered,2026-02-17 06:10:02,2026-01-02 05:33:33,Unpaid
8f4f0278-c940-4e5e-a7a4-09f156e9dde8,Heather Dixon,Sims PLC,"1740 Cruz Landing
Dwayneland, TX 67174","['Soup', 'Salad', 'Burger']",19.99,Pending,2026-02-01 00:46:06,2026-02-09 02:14:20,Refunded
4df194e0-60b4-43cb-b54a-0e55da8d9993,Benjamin Shaw,"Harris, Garcia and Garcia","691 Alison Alley Apt. 592
South Patrick, KY 36779","['Fried Chicken', 'Sushi', 'Salad', 'Tacos']",20,Cancelled,2026-02-05 03:52:32,2026-02-08 02:01:38,Unpaid
37ec2ce9-27e8-4074-8898-d11c5eb265c1,Aaron Welch,Reeves and Sons,"968 Peters Ferry
Masonfurt, KS 23912","['Burger', 'Soup', 'Pasta']",72.91,Delivered,2026-01-27 08:55:27,2026-02-06 06:45:59,Paid
ccc2fda3-8cf8-46f2-abfe-f0d83efa6c36,Spencer Sims,"Browning, Simmons and Gilbert","8629 Laurie Expressway
Danielleville, TN 37246",['Sushi'],83.38,Pending,2026-01-26 01:16:29,2026-01-04 17:49:13,Refunded
38e12425-6d6d-439c-bc6b-e6cc6f6be138,Emily Rice,Doyle-Kramer,"302 Sharp Roads
South Natalieberg, UT 10331","['Pizza', 'Sushi', 'Pasta', 'Fried Chicken']",56.63,Delivered,2026-01-20 11:26:06,2026-01-31 07:32:47,Paid
8e86ea1a-1f44-4a2b-aec4-1dd93702b5cc,Lynn Wilson,"Welch, Le and Preston","9723 William Summit
Port Jonathanshire, OK 33509","['Sandwich', 'Soup']",66.83,Delivered,2026-02-10 03:27:07,2026-01-29 21:03:30,Paid
8edc9544-f5ee-4c66-9fb3-62014dc8cf6d,Sean Lewis,Torres and Sons,"720 Hawkins Junctions
Thomasberg, MO 02315",['Salad'],87.16,Cancelled,2026-01-16 13:02:01,2026-02-11 14:41:19,Paid
53368e7d-780a-42be-936e-633f2e4c3009,Matthew Simpson,"Ramos, Matthews and Mueller","7322 Hines Shoal
Port Ericberg, CO 83335","['Burger', 'Sushi', 'Steak']",87.4,Cancelled,2026-01-13 14:55:15,2026-01-28 19:22:09,Unpaid
16b9f6c7-b2df-4b04-8204-71b57e159867,Kristen Baker,Schroeder-Kim,"5723 Thompson Flats
East Theresa, FL 84853","['Steak', 'Sandwich']",61.59,Cancelled,2026-01-05 11:28:47,2026-02-11 09:31:58,Paid
ed99ac78-e74e-4ccf-9dde-4cd3f8c2a88d,Yolanda Bruce,"Reid, Wolfe and Lucas","Unit 5339 Box 3252
DPO AP 30400","['Fried Chicken', 'Soup', 'Burger', 'Sushi']",96.77,Pending,2026-02-08 14:57:13,2026-02-10 08:04:39,Refunded
22b71a90-bb21-4dbe-9948-755f71c4554b,Karen Bailey,Ellis-Huff,"781 Barnes Path Apt. 437
Prestonburgh, RI 79631","['Steak', 'Sandwich', 'Fried Chicken', 'Pizza']",73.73,Cancelled,2026-02-25 06:56:22,2026-02-05 13:37:27,Paid
0283cd0d-28fe-4f59-a0da-918380969138,Autumn Gonzalez,"Hill, Weber and Brown","063 Todd Junction Suite 847
Ryanside, OH 06642","['Sushi', 'Fried Chicken', 'Salad', 'Soup']",23.86,Pending,2026-01-29 07:27:39,2026-01-04 08:22:40,Paid
4f14dc0c-17e6-422a-b0d7-50fd25478393,Frank Rosario,Austin-Gonzales,"797 Heath Track
North Jacob, KY 23840","['Fried Chicken', 'Sandwich', 'Salad', 'Pizza']",90.21,Delivered,2026-02-08 22:18:46,2026-02-26 19:50:52,Refunded
b851e21b-fb98-45ab-809a-d4b3b6151088,Dennis Mcdaniel,"Romero, Moreno and Jones","PSC 3036, Box 9136
APO AP 31416","['Sushi', 'Pizza']",64.17,Delivered,2026-02-22 16:31:03,2026-01-08 10:16:00,Refunded
1b781d4a-84f3-4026-a896-d42ace4b8aa0,Patricia Stephens,"Robinson, Pierce and Scott","626 Scott Springs
Franklinfort, IL 46656","['Pasta', 'Pizza']",30.52,Delivered,2026-02-06 09:11:23,2026-02-20 13:16:41,Refunded
fd1c9deb-645d-4b3a-b669-4c0cebe7c04d,Heather Nelson,"Coleman, Newton and Medina","0476 John Rapids Apt. 794
Michaelmouth, AL 87215","['Tacos', 'Burger']",78.26,Pending,2026-01-10 21:38:47,2026-01-29 20:01:49,Unpaid
43db32dc-e3ed-4e40-9583-83b0b6f037f8,April Johnson,"Dillon, Santiago and Wright","USS Kennedy
FPO AE 96682","['Steak', 'Sushi']",51.4,Cancelled,2026-02-06 22:16:16,2026-01-08 01:03:00,Paid
48badbb4-c7df-4dca-bc10-eef45e097b86,Troy Johnson,Henderson Inc,"275 Rebecca Mills Apt. 359
Williamstad, CT 24980","['Sandwich', 'Sushi', 'Tacos']",92.24,Pending,2026-01-29 20:07:40,2026-01-11 01:12:45,Paid
0378fe58-df5b-40df-a253-308992790062,William Bell,Johnston-Russell,"3527 Rhonda Mall Suite 173
Davisville, AK 83213",['Steak'],27.33,Delivered,2026-01-27 00:55:44,2026-01-12 07:28:13,Refunded
ab941414-b319-4526-9c0d-4859d2d51896,Peter Thornton,Green-Elliott,"40277 John Stream Suite 922
West Darlenehaven, GU 09110","['Sandwich', 'Pasta', 'Soup', 'Fried Chicken']",42.15,Cancelled,2026-01-10 17:03:26,2026-01-27 02:57:53,Unpaid
b6dd7cab-8fc4-4dc8-ac9e-47ff0218290f,Elizabeth Gordon,Sullivan-Tucker,"98409 Escobar Turnpike
Destinymouth, MN 96753","['Burger', 'Steak', 'Salad', 'Sandwich']",40.52,Pending,2026-01-06 01:06:46,2026-02-26 06:22:16,Paid
d0d9e435-bdc4-4048-a7d3-51356dc8bdc4,James Adams,Esparza-Valenzuela,"53616 Christopher Junctions Apt. 791
Longfort, MD 53746","['Fried Chicken', 'Steak', 'Pizza', 'Salad']",43.73,Delivered,2026-01-28 19:28:32,2026-02-05 04:24:54,Refunded
183d90a7-5b89-4b22-9838-67c6e7c4b655,Peter Gonzalez,Smith Ltd,"Unit 9973 Box 7732
DPO AP 37226","['Tacos', 'Pasta', 'Sandwich']",51.48,Delivered,2026-02-18 09:01:06,2026-01-23 12:27:50,Refunded
453c52dd-49ca-4eef-aefd-37fe398028f2,Jennifer Howell,"Gonzalez, Johnson and Davis","12064 Brown Locks
Port Lisa, AR 36549","['Pasta', 'Salad', 'Tacos', 'Sushi']",40.67,Cancelled,2026-01-08 15:05:21,2026-01-25 08:28:51,Refunded
aaaa12ec-33d5-463c-aebe-a8e1a436f512,Larry Reyes,Jefferson-Morton,"4105 Hall Burg
Lake Martinfort, ND 20336",['Sandwich'],90.96,Delivered,2026-02-19 21:56:11,2026-02-22 06:02:24,Refunded
429f4e77-7869-429b-9128-6140c1b1b4be,Richard Edwards,Bryan Group,"11883 Jennifer Lock Suite 214
Rickyborough, HI 46587",['Salad'],22.5,Delivered,2026-01-17 15:48:22,2026-01-22 08:38:26,Unpaid
b91ccaa9-61bc-4307-9a6d-910e47caf4b4,Jennifer Jones,Elliott-Crane,"9774 Davis Corner
North Sherri, WY 02078","['Fried Chicken', 'Pizza', 'Sandwich', 'Tacos']",30.11,Delivered,2026-01-19 21:34:24,2026-01-17 02:02:38,Unpaid
0214d205-c1eb-428c-81d2-e7af70df2642,Michelle Oneill,Mccarthy Inc,"5201 Rhonda Groves Suite 172
North Valerietown, AK 28047","['Pizza', 'Tacos', 'Fried Chicken', 'Steak']",70.45,Cancelled,2026-02-05 03:33:38,2026-02-25 04:58:14,Paid
3bfc8539-2ef3-43b7-ab8d-45bac96586aa,Thomas Hoover,West-Mason,"1243 Williams Gardens
North Jillian, MA 08116","['Steak', 'Sandwich', 'Sushi']",36.15,Cancelled,2026-02-06 18:29:42,2026-01-20 18:53:36,Refunded
76143d79-ca4a-4fb6-95a3-7d395b108281,Debra Leach,Hansen Group,"26484 Emily Walks
Reyeshaven, KY 34153",['Fried Chicken'],84.4,Pending,2026-01-31 16:46:22,2026-02-09 14:34:27,Refunded
45b459a0-9e77-46c7-987e-052adf950441,James Rodriguez,"King, Silva and Anderson","8284 Patel Plaza Apt. 221
Jeffreytown, MD 70397","['Soup', 'Pizza']",29.6,Pending,2026-01-15 08:26:22,2026-02-07 01:15:43,Paid
19314f5a-a65f-40cf-ae5c-039ab91138be,Angela Nelson,"Rhodes, Rivera and Martin","105 Mccall Bridge Apt. 353
New Matthew, WY 55299",['Fried Chicken'],99.62,Pending,2026-02-12 04:45:05,2026-02-13 10:48:58,Refunded
06e2eb0f-096b-4d4c-bc8a-8bcbf60a6104,Danny Dennis,"Bowers, Singh and Jackson","9942 Alexandria Forges Apt. 051
Smithmouth, PR 32886","['Pizza', 'Steak', 'Burger', 'Pasta']",62.13,Pending,2026-02-13 23:23:32,2026-02-20 06:15:28,Refunded
d6bf3774-e6ba-46ab-8798-200077399894,Mr. Robert Cardenas II,Frazier-Thomas,"Unit 5315 Box 5370
DPO AP 86504","['Soup', 'Sushi', 'Pizza', 'Pasta']",17.57,Pending,2026-01-04 07:49:23,2026-01-22 07:44:37,Refunded
fcb26d49-e053-4939-9490-27ac79533897,Jonathan Willis,Mills PLC,"61149 Friedman Branch Apt. 052
New Michaeltown, MH 40407",['Sandwich'],95.97,Cancelled,2026-01-26 12:54:51,2026-02-14 06:00:00,Unpaid
5add2687-0219-4c32-aa62-bad5747c03f4,Michael Johnson,Jones-Estes,"17042 Gail Crossroad
Katelynbury, UT 86297","['Sandwich', 'Soup', 'Burger', 'Steak']",63.66,Pending,2026-01-09 07:07:57,2026-01-10 20:54:07,Paid
f2ca7fd8-32e5-4fd4-b04e-80d1f3f2b9b2,Jason Ayala,"Dixon, Kline and Jimenez","615 Jennifer Prairie
Scottfort, RI 31597",['Soup'],21.14,Pending,2026-02-23 09:15:44,2026-01-18 12:46:59,Refunded
e1104593-8f64-46e7-9777-d219376ff5e1,William Wilson,"Baldwin, Wheeler and Mcguire","7928 Jason Road
West Michaelborough, AZ 07452",['Sandwich'],68.35,Delivered,2026-01-15 04:05:56,2026-02-09 10:32:38,Unpaid
9da1fba0-5bef-4920-94d4-7e3353c2f083,Robert Nixon,Owens-Wheeler,"72085 Lynch Parkways
North Amymouth, KY 62028","['Pizza', 'Fried Chicken', 'Soup']",79.83,Pending,2026-01-23 14:45:07,2026-02-10 16:33:54,Unpaid
2271afaf-ee54-4ac3-8331-37ba4c1d152b,Katherine Johnson,Hall Inc,"56610 Andrea Vista
North Sherri, DE 12769",['Soup'],15.04,Cancelled,2026-02-27 04:29:28,2026-01-21 07:21:19,Unpaid
99cf9d1a-a6db-4af6-adcd-07fc2ee3512c,Paula Lindsey,"Sharp, Sullivan and Cameron","3929 Michael Motorway
Lawsonberg, MP 61687","['Salad', 'Sushi']",33.14,Delivered,2026-01-15 00:01:40,2026-01-26 15:56:43,Paid
7d3deae8-f54c-4730-ae7c-66efac916ac7,Alyssa Harrison,"Thomas, Rogers and Harris","50380 Reed Lane
Port Marcusfort, NY 38087",['Sushi'],24.53,Cancelled,2026-01-27 11:25:29,2026-02-03 06:57:10,Unpaid
68dcb51a-886d-4a1d-b27e-47d67d1c532b,Chris Todd,Griffith-Williams,"6395 Hughes Rapid
New Jessicamouth, OR 39423","['Steak', 'Soup']",19.62,Delivered,2026-01-12 10:27:29,2026-02-10 23:33:39,Unpaid
192c79e3-8cd7-4f92-94af-6b94237e1f03,Sarah Lee,Riley LLC,"Unit 5687 Box 9761
DPO AE 59280","['Salad', 'Pasta', 'Tacos', 'Fried Chicken']",35.74,Delivered,2026-01-01 13:50:20,2026-01-19 04:05:08,Unpaid
8eb870d2-2ac1-4417-ada3-2b4493192483,Angela Fox,"Murray, Garrett and Bradley","004 Shelley Wall Apt. 355
Brewerburgh, CT 98281",['Sandwich'],25.52,Delivered,2026-01-02 16:28:59,2026-02-24 01:36:47,Refunded
553ef369-e10b-4b8f-a536-7404226933c0,Donald Pham,Nguyen LLC,"317 Lee Trail
Carlosview, MP 17435","['Sushi', 'Sandwich', 'Burger']",56.83,Pending,2026-02-16 15:53:56,2026-01-29 21:51:05,Unpaid
c3bd3976-28de-49c4-89b1-4156907d5bb2,Tiffany Smith,Powell-Smith,"190 Jackson Court
Santosstad, GA 72362","['Soup', 'Tacos']",73.76,Cancelled,2026-02-23 13:50:26,2026-01-10 20:50:49,Unpaid
04499bb2-643a-48d1-b972-1fe0b8115da9,William Reyes,Newman and Sons,"6457 Fernandez Forest
Maxwellhaven, TN 42834","['Sandwich', 'Soup', 'Pasta']",94.1,Delivered,2026-02-09 09:18:17,2026-02-24 12:48:05,Refunded
01916103-957b-410e-964a-068392e72834,Patricia Baldwin,"Bridges, Mendez and Edwards","6292 Harris Ridge
New Holly, KS 24157","['Salad', 'Pasta', 'Sushi']",34.7,Delivered,2026-01-02 14:41:44,2026-03-01 02:09:17,Paid
3f90712c-4711-4c6c-b8de-37765b926342,Allen Copeland,Baker-Browning,"8874 Kelly Plains Suite 384
Lukefort, PA 98893","['Sandwich', 'Sushi', 'Soup', 'Steak']",48.05,Delivered,2026-01-08 17:55:15,2026-01-01 18:48:42,Refunded
057516be-f32a-49cc-aa58-19c0ffad2cf9,John Duncan,"Martinez, Garcia and Stanton","38164 Scott Extension
West Adrienne, IA 28169",['Burger'],15.41,Pending,2026-01-08 01:53:55,2026-01-23 02:26:30,Paid
22a7342b-0932-46b1-aa6b-503e3360b1d1,Jeffrey Curry,"Osborne, Fields and Hicks","8024 Michael View
Houstonland, CT 47384",['Soup'],26.35,Pending,2026-02-20 15:58:26,2026-01-24 05:54:38,Paid
48dc1780-b249-4ef3-90cd-504bc3c06ecb,Grant Walker,"Jones, Blanchard and Cooper","3369 Campbell Overpass
Elizabethview, NM 21539","['Salad', 'Soup', 'Pasta', 'Fried Chicken']",52.15,Cancelled,2026-02-20 21:58:36,2026-02-04 02:29:03,Refunded
cf397d46-a314-4cd7-b504-a8a298f72258,Christopher Gray,Atkinson-Chan,"96724 Jason Shoal
New Marissaland, FL 53321","['Burger', 'Tacos']",51.03,Pending,2026-01-16 02:17:32,2026-01-06 22:17:18,Unpaid
6e1a35d9-ed60-4545-8c2c-69a67c18d2e1,Debra White,Parker-Martin,"PSC 2469, Box 8381
APO AE 50923","['Tacos', 'Steak', 'Burger', 'Pasta']",72.3,Pending,2026-02-07 10:03:01,2026-02-25 04:33:50,Unpaid
09d4f0e8-7e48-47a7-8c49-5ca698baf7b5,Margaret White,"Evans, Moore and Hernandez","425 Ryan Keys
New Feliciafort, MD 78908",['Sandwich'],44.94,Pending,2026-02-02 15:28:27,2026-02-23 05:37:27,Unpaid
e3c2d77e-ede8-47ec-aa88-7a340f5e1bff,Mark Moody,"Diaz, Tyler and Barton","059 Ramos Islands
North Joseph, GU 99912","['Steak', 'Fried Chicken']",65.17,Pending,2026-01-11 22:46:36,2026-02-04 11:29:27,Unpaid
814fb563-7378-4f09-9044-624500387f6b,Katherine Sandoval,"White, Richardson and Roberts","3892 Meghan Brooks
Bennettburgh, PA 87350",['Burger'],30.37,Pending,2026-02-05 15:35:53,2026-02-22 16:00:18,Unpaid
15c2dadb-a7ff-42b3-879f-5f42fafdb2e5,Derrick Williams,Humphrey Group,"3563 John Motorway
New Kathyfort, TX 41495",['Sandwich'],61.24,Delivered,2026-02-02 14:59:06,2026-01-01 03:21:41,Paid
d19b0dea-41cd-4d5b-85e3-902ce6df3bbb,Adam Craig,"Miller, Banks and Jackson","17896 Ashley Greens Apt. 161
Port Danielleside, NJ 74005",['Steak'],88.26,Delivered,2026-01-06 15:15:16,2026-01-06 23:48:36,Paid
337cda19-3bee-44b6-a984-1b059fb53a4a,Jason Andrews,Hill-Garcia,"4945 David Parkway Suite 579
Annachester, OR 27691","['Soup', 'Tacos', 'Pasta', 'Sushi']",68.3,Delivered,2026-01-05 12:54:13,2026-02-06 09:31:47,Paid
86f8fb63-a372-43f6-81d8-7a75d322a02a,Alicia Horn,"Smith, Rodgers and Henry","798 Harris Rue Apt. 526
Antoniomouth, AS 32216","['Pasta', 'Sushi', 'Salad', 'Sandwich']",36.7,Pending,2026-01-05 03:14:46,2026-01-16 15:08:30,Refunded
0c08c695-74f4-4e23-8ea9-fa291470e766,Olivia Lee,"Fleming, Lopez and Sanchez","185 Jackson Route
South Brittany, CT 78805",['Salad'],60.43,Pending,2026-01-22 19:55:16,2026-01-23 18:27:28,Unpaid
ccc4a661-c38e-48e4-bef2-555f1feadc6c,Benjamin Santana,Smith-Warren,"40700 Williams Lock
West Ericaborough, NH 22183","['Pizza', 'Fried Chicken']",30.21,Cancelled,2026-02-06 13:45:55,2026-01-07 08:11:20,Paid
26c855cc-2515-4c7e-988e-c3a1f9e8bc8f,Anthony Donaldson,"Adams, Bryant and Byrd","807 Olson Shoals Apt. 125
Port Jacob, WY 80401",['Fried Chicken'],31.85,Cancelled,2026-01-30 15:48:59,2026-01-13 12:06:16,Unpaid
589a7796-54e6-45d8-ae39-2c998724cee7,Harold Melendez,"Hayes, Smith and Cameron","8014 Sanders Flats Suite 466
East Justin, KS 30102",['Sandwich'],35.91,Pending,2026-01-30 23:05:44,2026-01-21 08:23:03,Unpaid
541b3ed0-2701-4b25-85c2-e462f5643ff9,Thomas Torres,"Hester, Lynch and Gillespie","1579 Mullins Plain Suite 302
Livingstontown, SD 90024","['Burger', 'Sushi', 'Salad', 'Tacos']",43.63,Pending,2026-01-26 11:29:12,2026-02-10 05:10:42,Paid
cb2b2396-3adb-4410-8d0f-32071e19ff2e,Shelly Bennett,Roach and Sons,"17227 Fisher Track Suite 036
Port Rhonda, NH 36867","['Pasta', 'Tacos']",33.69,Cancelled,2026-01-21 20:37:07,2026-02-23 06:24:23,Unpaid
08ad5706-fd3d-4abe-b67a-f4df6611c9a3,Pamela Frye,Flowers-Gonzalez,"8699 Jenkins Alley
Carrilloton, KS 84772","['Salad', 'Steak']",48.53,Cancelled,2026-02-01 03:16:26,2026-02-16 03:25:33,Unpaid
ce9a1055-b1e1-4659-a215-b5fed8ce987a,Dr. Thomas Newman,Walker-Rollins,"778 Jones Ports Suite 200
Sherryborough, CO 64254","['Sushi', 'Pizza', 'Soup']",88.33,Delivered,2026-02-13 15:51:57,2026-02-11 05:13:26,Refunded
396473d0-627c-4507-870d-2b569a8493a4,Beverly Lewis,"Ray, Cook and Young","1684 Vaughn Orchard Apt. 431
Jenniferville, AK 61468","['Tacos', 'Pizza']",40.89,Cancelled,2026-02-12 09:46:00,2026-02-21 22:40:47,Paid
327411b7-783f-42f2-9a7f-88141522f368,David Adams,Ellis-Cox,"6428 Velez Row Apt. 074
Brownport, UT 02194","['Soup', 'Pasta']",72.4,Delivered,2026-03-01 20:40:36,2026-01-06 10:09:37,Paid
110f601d-78ef-49e8-8ac7-68f79a7c018f,Sandra Williams,Shannon-Rice,"629 Adams Circles Apt. 491
Port Stephenbury, ND 97097","['Pizza', 'Sushi', 'Fried Chicken']",79.02,Cancelled,2026-02-21 09:47:03,2026-01-27 06:13:29,Paid
2b5c88fb-3a68-47fd-b96e-d8eff542468f,Ashley Barr,Campbell-Anderson,"843 Kyle Spur Apt. 676
Lake Robert, CT 32001",['Sushi'],37.98,Pending,2026-02-12 08:22:19,2026-02-12 06:28:06,Refunded
8a0e435a-dd8b-45e3-8b37-f3ba8db26843,Nicholas Johnson,"Christensen, Cruz and Warner","USCGC Jones
FPO AE 01705","['Pasta', 'Burger', 'Soup']",76.49,Delivered,2026-01-16 09:18:00,2026-01-21 16:03:42,Unpaid
f224ef53-0752-4359-9f80-e606faa4643d,James Greene,Hall LLC,"354 Logan Fords
Lake Karlaville, PW 64164","['Sandwich', 'Steak']",54.19,Cancelled,2026-02-02 08:00:38,2026-02-01 07:28:05,Refunded
eb5adb3d-68ab-4511-9d90-30ec3c7bb367,Kyle Doyle,Santos-Perry,"83457 David Trafficway Suite 934
Lake Caleb, IA 14753","['Burger', 'Soup', 'Tacos', 'Sandwich']",35.36,Delivered,2026-02-13 04:13:55,2026-02-16 02:35:57,Refunded
e259cb9f-eaf9-4c5d-b213-25199ee8f021,Tony Lawson,Miller Inc,"51887 Stacy Corner
Lake Daniel, SD 19169","['Soup', 'Burger', 'Salad', 'Sandwich']",70.45,Delivered,2026-01-27 19:56:17,2026-01-20 08:35:10,Paid
57db94ff-61ea-4525-b416-2a2280948641,Trevor Flowers,"Cruz, Miller and Clark","6117 Hannah Fields Apt. 584
East Brianna, WV 91312","['Salad', 'Pasta', 'Sushi', 'Pizza']",75.81,Delivered,2026-01-24 14:59:27,2026-02-16 06:35:03,Unpaid
af98492e-8b0d-408f-96db-c9e466365963,Brenda Mcmillan,White-Blair,"1514 Cobb Estate
North Edward, MT 10132","['Fried Chicken', 'Sandwich']",96.31,Delivered,2026-02-05 10:16:08,2026-02-08 20:31:53,Unpaid
1dad410a-7df8-4548-b43e-5afe30de97ca,Dr. Keith Romero,Ruiz-Bernard,"412 Blake Spurs
West Katrina, GA 20210","['Sandwich', 'Tacos', 'Sushi', 'Salad']",40.2,Pending,2026-01-24 10:09:38,2026-02-04 20:57:22,Refunded
10a08b7d-51b7-45bc-9541-af081438d234,Thomas Mcdonald,Berg PLC,"50209 Melissa Creek Apt. 466
Vasquezmouth, UT 32771","['Steak', 'Pasta']",27.28,Pending,2026-02-26 08:02:54,2026-01-06 09:53:05,Unpaid
ea68eed7-9fd6-4650-bee2-92a4d0005db1,Melanie Mckinney,Conrad and Sons,"PSC 3639, Box 8273
APO AE 88102","['Salad', 'Pasta']",82.7,Delivered,2026-02-06 14:29:45,2026-02-07 15:09:15,Paid
2186aab2-df8a-44c2-9e66-5600c1c47876,Daniel Jones,"Kelly, Dominguez and Hill","Unit 3054 Box 9997
DPO AP 22186",['Burger'],42.35,Delivered,2026-02-02 09:33:58,2026-01-21 16:13:29,Paid
04566304-0b46-4aa8-8d67-59394ef56b17,Daniel Jackson,"Ryan, Reed and Taylor","7147 Bowen Station
Riggsbury, PW 30406","['Tacos', 'Steak', 'Pizza']",50.31,Delivered,2026-02-11 16:24:43,2026-01-10 16:53:57,Refunded
a86cda45-9fd2-4e69-9edb-9f006ee34953,Tyler Robertson,"Fitzpatrick, Clark and Daniels","21221 Stevens Inlet Apt. 114
Gutierrezton, MH 25552",['Pizza'],23.32,Delivered,2026-01-10 22:33:02,2026-02-17 12:01:25,Paid
e57f9637-e7b2-4d75-a8c0-bd493beba667,Carl Small,"Dalton, Mathews and Wilson","141 Erin Extensions Suite 863
Lake Timothyland, FL 47807",['Sandwich'],19.66,Pending,2026-02-16 18:14:04,2026-01-28 05:44:43,Unpaid
c7232d79-ee4f-4021-baf7-1b530f901638,Monica Burch,"Brown, Martin and Nicholson","58558 Hawkins Orchard Apt. 575
Websterland, PA 54171","['Soup', 'Sandwich', 'Pasta']",24.93,Delivered,2026-02-09 20:31:45,2026-02-03 15:59:45,Paid
0b5a99dc-5df4-4db9-9296-ae5b89d712d9,Rebecca Murillo,Morgan and Sons,"9070 Hunter Spurs Apt. 509
West Garyshire, MT 35324","['Steak', 'Pizza']",64.98,Delivered,2026-01-22 15:40:20,2026-02-01 13:30:05,Unpaid
45fcd896-960e-4425-919f-f32b328f4872,Christine Barker,"Clayton, Lindsey and Miller","6532 Tracy Dale
West George, FL 63113","['Fried Chicken', 'Salad']",82.61,Cancelled,2026-02-13 08:58:45,2026-02-18 06:20:09,Unpaid
e9fc90af-be2b-4f05-9824-a72e17b8bf84,Taylor Hall PhD,"Francis, Ingram and Gutierrez","119 Richard Garden
New Alexandriaberg, SD 39256","['Tacos', 'Sandwich', 'Pasta']",87.52,Pending,2026-01-21 21:59:15,2026-01-10 12:00:57,Paid
8df6bcb9-ccdf-4aa3-a6b0-9aa303bb2008,Johnny Barnes,Gonzales-Gonzalez,"45781 James Square
South Oscarport, ID 51326",['Pasta'],91.71,Delivered,2026-02-01 12:51:54,2026-01-31 15:43:34,Unpaid
314a1c2a-b3e0-4547-b2a5-a45ec0d9f3f5,Geoffrey Clark,"Spencer, Lindsey and Jacobson","39827 Vazquez Meadow
Port Michaelabury, MO 25712","['Soup', 'Pizza']",74.18,Pending,2026-02-25 23:46:26,2026-01-03 02:35:42,Paid
6dac4ca1-380c-4399-9578-19b09d5f6f74,Amanda Marshall,Lane Inc,"USNV Hunt
FPO AE 27391","['Steak', 'Burger']",42.4,Pending,2026-02-11 08:04:50,2026-01-11 05:44:45,Refunded
6f596655-92c6-49f7-8360-1cf9190acbab,Jonathan Sandoval,Carter-Miller,"231 John Mountain
Jenniferton, IL 66508",['Fried Chicken'],85.15,Cancelled,2026-01-17 22:44:34,2026-01-06 22:45:49,Unpaid
73e7e4ac-4295-42ab-856e-2cc39f4200a5,Jon Weiss,"Adams, Moss and Shepard","0771 Evelyn Parks Apt. 056
Marshallmouth, LA 49057",['Salad'],45.7,Pending,2026-02-21 13:35:28,2026-02-04 09:44:49,Unpaid
22ba4307-64a5-4c20-9776-6f7c789e8097,Nathan Alexander,Farrell-Vance,"35763 Price Squares
Terryport, SC 83700",['Tacos'],66.3,Pending,2026-01-09 22:53:13,2026-01-29 18:13:23,Refunded
2a73a3a5-fa2a-4d5d-9e40-a15ff5b8b16d,Scott Lawson,Rodriguez and Sons,"Unit 8503 Box 1154
DPO AE 97088",['Burger'],84.16,Pending,2026-01-21 20:35:17,2026-02-04 12:50:41,Refunded
1a1818f7-68d2-4d4c-8a9c-59ab2821bc9b,Gregory Hernandez,Valencia-Mckenzie,"714 Miller Bypass
New Ericaton, NM 51680","['Steak', 'Sandwich']",97.9,Pending,2026-02-19 21:57:33,2026-01-30 17:31:05,Unpaid
0495b32f-0ff1-4a50-967b-03b83390a9bd,Shannon Davis,"Higgins, Guerra and Vasquez","671 Elizabeth Flats
West Alexander, UT 23010","['Burger', 'Salad', 'Fried Chicken']",19.3,Cancelled,2026-01-09 19:01:36,2026-01-23 15:38:18,Unpaid
cb77c602-9742-4132-8353-a4c211c11eca,Christy Howard,Chase-Harrison,"77358 Martinez Walk Apt. 533
Port Brittanyton, MP 93139","['Tacos', 'Fried Chicken']",48.52,Cancelled,2026-01-07 21:14:41,2026-02-09 17:08:39,Refunded
33b73c25-7176-472f-8608-00596dee80dc,Lauren Stevenson,"Harper, Lewis and Johnson","728 Casey Turnpike Apt. 884
Stephanieport, CO 09386",['Soup'],83.44,Pending,2026-02-06 20:16:39,2026-02-12 09:31:32,Refunded
8e9a9fcb-0886-4e51-83be-b504934a4d87,Faith Bridges,Best Group,"6377 Molly Isle Apt. 030
North Jennifer, SC 34336","['Burger', 'Salad', 'Soup', 'Fried Chicken']",72.49,Cancelled,2026-02-28 07:35:42,2026-01-26 04:54:50,Unpaid
51fd5f8e-f755-4ed2-9736-ac0bc0d49dbe,Mary Parker,Cook Group,"336 Hector Prairie Suite 841
Alexanderside, NV 32526","['Pasta', 'Burger', 'Steak']",74.5,Pending,2026-02-22 17:15:13,2026-01-04 12:33:27,Paid
866f9834-c157-407d-8d2f-1964c66b12e0,Lori Cowan,Stokes Ltd,"61447 Armstrong Village Suite 413
South Michaelshire, NH 78596","['Soup', 'Sushi']",15.63,Cancelled,2026-02-19 11:36:33,2026-01-26 12:39:58,Unpaid
e9829c7f-79e6-465a-af7f-0ad214810553,Nicole Adams,Hess-Hunter,"2228 Brittany Club Suite 648
West David, ME 77847",['Sandwich'],19.35,Cancelled,2026-01-17 03:47:05,2026-01-20 09:55:37,Refunded
f1e45290-44c9-4f41-b188-59b00ba1ccd2,Mariah Johnson,Graham Ltd,"71247 Rice Trail Apt. 104
Hicksside, TX 05050","['Fried Chicken', 'Pizza']",48.32,Pending,2026-01-08 16:23:20,2026-02-02 16:40:13,Paid
12dfb8ad-2c40-409b-b16e-0581442f3487,Jeffrey Wood,Campbell Inc,"236 Donald Ports Apt. 469
Theodoremouth, ME 01660","['Soup', 'Tacos', 'Pasta']",97.74,Delivered,2026-02-09 08:29:59,2026-01-04 07:53:14,Unpaid
7d974f4d-42fc-472a-a597-f0cedfd67183,Candice Hutchinson,Nelson-Hall,"129 Jordan Trace
Lake Jeremy, VI 20623","['Sushi', 'Burger', 'Salad', 'Pasta']",25.63,Delivered,2026-02-13 01:26:33,2026-01-15 14:05:39,Paid
27adc470-1ee3-434e-bb09-a217fbff8d16,Peter Dean,Guzman Inc,"845 Dennis Greens Suite 918
Port Kim, FL 00721",['Soup'],60.24,Pending,2026-02-20 04:45:01,2026-01-17 13:24:04,Paid
d7407790-168c-4ea6-bf1f-ef4273bdd665,Lisa Armstrong,"Torres, Smith and Barnes","63905 Jacob Hill
Amandaside, LA 50886","['Fried Chicken', 'Pizza', 'Burger', 'Pasta']",38.35,Pending,2026-01-18 21:48:38,2026-01-28 11:43:25,Unpaid
921f5ebf-41c6-4cc9-b45c-d0846b8f89dc,Austin Lopez,"Young, Lopez and Salinas","PSC 6979, Box 7906
APO AA 95958","['Fried Chicken', 'Sushi']",25.81,Pending,2026-02-21 01:58:38,2026-02-03 05:35:16,Refunded
bb76aeea-916e-475b-8610-1c5a31831765,John Mcdonald,Shea Inc,"43751 Rodney Skyway
Pachecofort, NC 40426","['Pizza', 'Burger']",87.22,Delivered,2026-02-19 09:14:17,2026-01-24 03:52:47,Paid
12ce076f-6ba4-4356-b75d-a8b3adc12004,Troy Taylor,"Blackwell, Humphrey and Simpson","12470 Michael Forest
South Toddchester, KY 32370","['Sushi', 'Sandwich']",50.82,Pending,2026-01-07 19:45:14,2026-01-01 03:02:51,Refunded
9cbfddc0-c22c-4f26-9613-bd129dca5916,Anthony Chandler,Ware-Schultz,"15472 Baldwin Forks
South Benjamin, PW 35250","['Pizza', 'Burger', 'Sushi', 'Sandwich']",87.99,Cancelled,2026-01-02 14:40:45,2026-02-07 05:32:41,Unpaid
21b43db8-0fce-4879-a2f1-291cba31a2a6,Kathryn Ramirez,Stanley-King,"14854 Harris Track Apt. 117
East Alice, PW 76945","['Fried Chicken', 'Soup']",62.66,Delivered,2026-02-04 13:35:55,2026-01-26 13:39:02,Paid
7a7d5220-dde5-4a27-ba00-cda1b24b7799,Gregory Thornton,Brown Inc,"110 Vincent Branch Suite 633
Josephmouth, FL 46458","['Burger', 'Soup', 'Sandwich']",42.05,Cancelled,2026-01-31 13:28:18,2026-02-27 00:30:18,Refunded
8704d142-4c45-4d94-b0bd-0af2b6f56957,Michael Smith,Price PLC,"0914 Walter Plain
Debbiebury, MD 17987","['Sushi', 'Soup', 'Burger', 'Pizza']",80.27,Pending,2026-02-04 00:45:55,2026-02-16 13:06:19,Unpaid
4641ec5a-cd76-44d5-854a-1f2405df9905,Cody Davis,Chapman-Hood,"716 Kelly Plaza
Matthewfort, ME 66981","['Soup', 'Sushi']",30.96,Pending,2026-01-28 18:00:06,2026-01-21 05:54:30,Unpaid
cd1dee39-740c-4d70-84b4-f4d689c3db11,Anthony Allen,Johnson Ltd,"9674 Carl Mountains Suite 447
Johnburgh, PA 04305","['Sushi', 'Pasta']",90.87,Pending,2026-01-09 09:59:46,2026-02-17 22:12:19,Refunded
137bfddf-79a0-4855-b142-f727c8de9bac,Michael Blake,"Gallagher, Guzman and Cummings","7386 Lisa Village
New Nancy, ND 87274","['Tacos', 'Burger', 'Pizza', 'Sandwich']",75.13,Pending,2026-02-27 03:48:14,2026-01-20 05:27:08,Unpaid
8caf8f4c-b6aa-4e28-a616-029e1514bee9,Casey Lawson,"Hernandez, Lee and Roberts","55838 Stephanie Walk Suite 311
West Tara, LA 93707",['Salad'],57.6,Cancelled,2026-01-11 21:45:30,2026-01-22 17:25:51,Refunded
64ad453a-a264-4fbe-8cbb-d25df7db8627,Nicole Phillips,Gallegos-Gallagher,"816 Theresa Ville Apt. 425
Port Kimberlymouth, NY 91712","['Sushi', 'Sandwich']",53.23,Pending,2026-01-14 20:26:05,2026-02-10 17:13:25,Refunded
bcf247a5-35d5-4564-978f-444d840adbcb,James Sellers,Jenkins LLC,"915 Williams Isle
Santanastad, GA 60895","['Salad', 'Soup', 'Burger']",70.09,Pending,2026-02-26 20:11:16,2026-02-15 12:54:27,Refunded
b3c1cd58-818e-42f3-8ab5-704f04f0f544,Amber Sandoval,Johnson PLC,"9195 Flowers Trafficway
Fitzgeraldland, AK 90568","['Pizza', 'Steak', 'Sushi']",97.74,Delivered,2026-02-28 22:24:01,2026-02-06 00:58:12,Refunded
794900f7-8968-4a95-962d-72bb638a9b69,Mr. John Martin,Jackson Inc,"303 Knight Spur
Brendamouth, TX 24668","['Burger', 'Salad', 'Pizza', 'Pasta']",29.34,Delivered,2026-01-24 03:31:24,2026-02-25 20:46:02,Refunded
23ac9d02-ea7c-4800-800d-64de2a0a0ae8,Patricia Li,Peters-Acosta,"61843 Norman Highway
Gibsonmouth, KY 11510","['Sandwich', 'Soup', 'Tacos', 'Sushi']",95.7,Pending,2026-01-19 15:12:26,2026-02-18 10:04:33,Paid
e54764c6-407e-4143-9616-fdd156983c1e,Randy Moreno,Rowe-Ayala,"31430 Huang Vista Suite 404
West Jessica, NE 59224",['Burger'],36.83,Pending,2026-01-21 21:11:43,2026-01-19 18:33:09,Paid
336548cd-35d2-426e-bff4-3eee361dd09c,Haley Long,Walsh-George,"8586 Pacheco Manors
West Travismouth, GU 53848","['Salad', 'Pizza', 'Sandwich', 'Soup']",58.42,Delivered,2026-02-20 06:26:14,2026-01-21 03:14:23,Paid
bc2ddc51-e7ad-4fda-a3af-1da0a574aa0d,Dylan Wilson,Gomez Inc,"138 Morgan Ridge
Port Donnaview, LA 73750","['Sushi', 'Tacos', 'Steak']",77.32,Delivered,2026-02-12 13:16:14,2026-01-30 20:52:51,Unpaid
0ac69ca9-9e11-403f-a70b-f9d1e8fdd8f0,Brian Hill,Tyler-Wells,"8318 Christopher Loop Suite 886
Johnsonside, NY 75572","['Salad', 'Steak', 'Fried Chicken', 'Sushi']",55.21,Cancelled,2026-03-02 11:57:11,2026-01-09 10:06:56,Paid
8a9c9c58-100e-4896-befa-08d16eb7f0b9,Dawn Bishop,Bowers Inc,"30369 Kelsey Garden Suite 655
New Steven, NE 76433","['Salad', 'Steak', 'Soup']",23.81,Cancelled,2026-01-09 05:55:06,2026-01-16 08:20:47,Unpaid
cd6582fd-a54b-4ebe-aaef-b955784d7ae2,Greg Jordan,"Riley, Williams and Reid","6665 Hawkins Mount Apt. 342
Andrewsmouth, TX 56909","['Steak', 'Sushi']",15.38,Delivered,2026-02-21 18:46:54,2026-01-26 11:29:45,Refunded
ab03467d-90f7-437d-98b0-564b329ed9c4,John Clark,"Wang, Avila and Rivas","41177 Melissa Summit Apt. 093
Lake Chadburgh, WV 51367","['Burger', 'Salad']",33.78,Delivered,2026-02-17 03:06:59,2026-01-22 19:50:29,Paid
5f79c0a2-b04c-4be9-8a6b-ae0849f07e97,Renee Grant,Cline LLC,"3905 Gregory Tunnel
Terriport, DC 70948",['Burger'],37.2,Cancelled,2026-01-24 14:12:23,2026-02-15 12:49:01,Paid
a08868c1-907a-48d3-b26c-1324254d760c,Richard Leblanc,"Wood, Underwood and Zamora","2197 Mariah Cliff Suite 960
West Timothymouth, AS 08898","['Tacos', 'Fried Chicken', 'Pasta', 'Salad']",78.63,Delivered,2026-01-07 13:18:59,2026-01-05 20:21:00,Refunded
7a041d8f-b38a-446b-a95d-223f8b563405,Jeffrey Montgomery,"Miller, Myers and Avila","77344 Larsen Forest
Stephensfurt, NC 34135",['Steak'],92.37,Pending,2026-02-23 00:54:20,2026-02-13 17:12:38,Refunded
fbec4874-36fe-4fd6-8d9b-1962849409bd,William Ryan,Oliver Ltd,"16882 Angela Plaza
West Katherine, OR 61485","['Steak', 'Sushi', 'Salad', 'Burger']",90.36,Cancelled,2026-01-29 22:39:12,2026-03-01 13:15:16,Refunded
f184048a-f381-43bf-864d-16e8ba360827,Nathan Freeman,Moore Ltd,"8078 Humphrey Key Suite 937
Randolphborough, FL 11331","['Sushi', 'Burger']",49.92,Pending,2026-02-10 19:13:57,2026-01-17 17:18:50,Refunded
971037f4-0207-4831-a5e8-bb9f35d59d6b,Omar Christensen,Stark LLC,"578 Atkinson Oval Apt. 823
North Stacey, MO 83721","['Soup', 'Pizza', 'Burger']",69.96,Pending,2026-01-13 04:50:06,2026-01-16 23:46:02,Unpaid
2fafa443-aa74-4d5e-9a6e-3b05e32a12ec,Karen Thompson,Davis Group,"331 Shannon Walk
New Richardborough, IA 91286","['Salad', 'Sushi', 'Steak']",47.24,Pending,2026-02-28 21:22:00,2026-01-12 19:01:36,Unpaid
b5b4ee4d-984a-48a4-acdc-b001f7223752,Chad Ramos,"Jackson, Leblanc and Lindsey","0266 Adam Cove Apt. 926
Port Teresa, VT 30454","['Tacos', 'Pizza', 'Burger']",46.35,Cancelled,2026-01-04 04:31:28,2026-01-10 02:33:22,Unpaid
938eff41-b483-4558-a40b-342a139dec9e,Kara Wallace,"Ortiz, Cole and Lam","255 Ronald Light Apt. 603
New Stephanie, MH 74112","['Tacos', 'Pasta']",16.78,Delivered,2026-01-08 20:57:22,2026-02-13 18:11:28,Refunded
8de46d38-4867-4817-885e-34e4e23696da,Angelica Franklin,Padilla-Fleming,"Unit 9601 Box 4540
DPO AE 34470","['Salad', 'Steak']",61.76,Pending,2026-02-27 10:23:50,2026-01-04 15:02:28,Unpaid
bdb895cb-db17-46af-89f2-2ace1dfa98cb,Jennifer Owens,Barrett Ltd,"1834 Joseph Cliff Suite 456
Mcgeechester, WI 60787","['Soup', 'Pasta', 'Burger', 'Sandwich']",82.13,Delivered,2026-02-04 04:28:26,2026-02-01 23:49:48,Paid
6258fe99-f3c3-47ba-b0ba-28cdf85103d9,Edward Rose,"Martin, Martinez and Foley","50262 Crystal Port Suite 776
Lake Emilytown, NC 09960","['Fried Chicken', 'Burger', 'Steak', 'Tacos']",63.86,Delivered,2026-01-18 20:26:06,2026-02-18 10:43:25,Unpaid
1adf1689-9ed8-4ded-9895-4296489e3370,Bradley Richardson,Woods Group,"83739 Adrian Knolls Suite 636
Port Cynthiaburgh, LA 64800","['Sushi', 'Tacos']",50.62,Delivered,2026-01-06 19:31:52,2026-02-10 14:49:59,Paid
86c97778-a932-43d5-80cd-bff027be0d6b,Stacey Payne,"Hall, Collins and Villanueva","657 Dawson Meadows
Lake Kennethburgh, MD 15869","['Sushi', 'Tacos']",58.56,Cancelled,2026-01-18 08:16:00,2026-01-15 21:32:15,Unpaid
67fdd603-d011-4d85-ac9f-dc350dc605b3,Regina Perkins,Haley-Rice,"475 Patricia Stream
South Valerie, ID 86862","['Burger', 'Sushi']",98.95,Cancelled,2026-02-15 03:39:54,2026-02-07 13:41:09,Paid
ca0f4f61-2212-4675-9e01-f55b9f377106,Jennifer Ross,"Walker, Stevens and Moore","55015 Roberts Ford Apt. 816
Brianburgh, HI 18547",['Steak'],71.76,Cancelled,2026-02-06 22:39:13,2026-02-09 05:04:01,Unpaid
6c3c94c8-f239-43e2-b94d-8f7d73af4999,Connie Bryan,"Myers, Wall and Foster","08302 Toni Viaduct Suite 246
Lake Lindaton, PW 96120","['Sandwich', 'Sushi', 'Fried Chicken']",24.49,Pending,2026-01-04 22:11:30,2026-01-06 19:51:00,Unpaid
cea32dda-e5b2-49ed-a3ea-b2a7f4c5e724,Jessica Powell,"Diaz, Tran and Williams","USNS Conrad
FPO AE 38351",['Sushi'],55.17,Pending,2026-02-25 21:52:01,2026-02-05 15:10:52,Refunded
da58c9ae-b1bc-433a-9765-00b63ec33088,Amber Jones,Foster-Nguyen,"392 William Gateway
Garretttown, PR 66463",['Pasta'],31.6,Cancelled,2026-01-30 09:04:17,2026-01-27 12:59:46,Unpaid
6f943f98-3b44-421f-880f-801616946b61,Brian Vasquez,"Lee, Dickerson and Drake","22837 Rice Villages Suite 535
Christianburgh, MN 05303","['Salad', 'Sushi', 'Soup']",89.15,Delivered,2026-01-01 19:42:45,2026-02-02 17:11:47,Refunded
bba94309-f1b3-482a-9e61-d9c9d638e71e,Christopher Parker DDS,"Anderson, Williams and Hall","324 Melissa Shoals
Port Tracey, WV 83732","['Tacos', 'Soup', 'Sandwich']",78.8,Cancelled,2026-02-28 20:19:23,2026-02-08 04:41:18,Paid
6ddd2d44-3d49-4c96-915d-23367b83f807,Nathan Watkins,"Mendez, King and Davis","0947 Curtis Bridge Apt. 080
South Matthewhaven, NM 18652","['Burger', 'Soup']",96.4,Delivered,2026-02-12 07:40:46,2026-01-06 04:15:49,Paid
e2cd2e5d-88d1-4b99-a814-59fa0ceb74d8,Christine Fuller,Ortega-Wilson,"PSC 4689, Box 1239
APO AA 83165","['Soup', 'Pizza', 'Sandwich', 'Pasta']",33.97,Delivered,2026-01-14 06:24:11,2026-02-10 00:07:14,Paid
423a4b7e-1f59-4952-ad86-9e76cd24dcab,Savannah Cervantes,Martinez-Mueller,"50319 Joseph Bridge Apt. 268
Kathrynland, AK 29711","['Tacos', 'Fried Chicken', 'Pizza', 'Burger']",83.66,Pending,2026-01-31 06:55:30,2026-01-22 03:06:16,Paid
731d6db5-dec2-4a0a-9301-bbd21159c490,Melanie Cook DDS,Johnson-Grant,"765 Lang Via Apt. 738
Clarkmouth, MH 95205",['Burger'],32.92,Cancelled,2026-02-13 09:41:12,2026-01-29 08:53:20,Unpaid
e682a517-2d28-41b5-8805-cd41ed961f79,Richard Johnson,Pena LLC,"5571 Patricia Lane
Hamiltonbury, KY 72315","['Fried Chicken', 'Soup']",97.27,Delivered,2026-02-15 04:53:42,2026-02-23 03:06:40,Paid
ffd0f37c-afab-414e-a7c9-dd517185e1ca,Margaret Lewis,Bryant-Carlson,"402 Hernandez Unions Apt. 785
Matthewview, LA 95987","['Fried Chicken', 'Sushi', 'Sandwich']",29.11,Delivered,2026-02-17 04:33:57,2026-01-03 05:45:09,Paid
00c86e3a-513a-4354-b370-248c9847a392,Dr. Ian Johnson,Johnson and Sons,"USS Kelly
FPO AP 60785",['Pasta'],27.22,Cancelled,2026-02-11 03:36:21,2026-01-05 20:51:19,Unpaid
9141eba3-3f6f-490d-8d05-381bb825c9f2,Raymond Turner,"Hernandez, Mcdowell and Turner","USNV Lamb
FPO AE 53430","['Soup', 'Fried Chicken']",73.23,Delivered,2026-02-24 10:37:25,2026-01-03 11:30:18,Refunded
22630b4e-ddd0-411f-a6fc-e4e9ef253387,Jamie Mcmillan,Johnson Inc,"7649 Samuel Street Suite 906
Flynnshire, GU 50302","['Burger', 'Steak', 'Sandwich']",75.33,Pending,2026-02-02 15:21:59,2026-01-12 09:29:53,Unpaid
9512776a-64d0-4c26-9265-7a7530b8e4b0,Nicholas Wolfe,Sosa PLC,"32543 Salazar Ferry Apt. 589
Matthewstad, WV 09555","['Soup', 'Burger', 'Steak', 'Pasta']",96.52,Pending,2026-02-06 11:09:05,2026-02-05 14:01:28,Unpaid
fcc6897f-d3c7-468e-b37b-03023aefcbb3,Elizabeth Smith,Walker LLC,"070 Hopkins Mission
Kennethmouth, ID 58860",['Sandwich'],31.2,Delivered,2026-02-15 12:41:55,2026-01-18 21:53:27,Paid
a7b2ba85-aebb-4dd9-a348-ab1b52dc3b23,Danielle Duke,Brady Ltd,"62704 Brendan Unions
Markhaven, SD 94109","['Sandwich', 'Burger', 'Tacos', 'Pizza']",16.83,Delivered,2026-01-08 06:02:28,2026-02-08 11:09:55,Refunded
2c23bd99-b471-4353-9e25-1ba7273c18ab,Anthony Stevens,Luna LLC,"7701 Hall Crest
East Kristina, CA 50288","['Soup', 'Pizza']",82.89,Pending,2026-02-26 11:07:20,2026-03-01 15:44:26,Unpaid
35fa965a-41e1-410b-82b8-bcdfd0f47c18,Robert Jones,Johnson-Liu,"755 Mckenzie Ferry Suite 549
Jasonfort, DC 42628",['Tacos'],60.42,Delivered,2026-01-27 12:30:57,2026-01-03 15:42:47,Refunded
43bf9d6b-1159-4f88-bb7c-b173b30bf07f,Danielle Johnson,"Lara, Burke and Gardner","17280 Jackson Islands
Saratown, CT 63315","['Salad', 'Pasta', 'Soup', 'Steak']",40.49,Pending,2026-02-21 01:13:35,2026-02-17 19:00:26,Paid
e53da3f7-c314-47f2-a661-3d90d4dda4d7,Deborah Alexander,Summers-Johnson,"812 King Way
Elliotttown, MA 35975","['Sushi', 'Salad']",16.3,Cancelled,2026-01-27 12:53:37,2026-02-21 12:07:09,Paid
0e5b456d-3345-4bf1-b282-c5aaa22004af,Vincent Jones,"Mcgee, Taylor and Maldonado","768 Williamson Rapids Apt. 424
West Craigville, NM 46353","['Tacos', 'Salad', 'Pizza', 'Steak']",96.06,Pending,2026-02-28 01:21:13,2026-01-25 09:05:01,Refunded
33bafa34-e282-491a-8cf5-4180d2390f3a,Derrick Goodwin,Curtis-Miller,"89599 Robin Crescent Apt. 781
South Austinchester, KS 21856","['Soup', 'Salad', 'Burger', 'Steak']",57.25,Delivered,2026-02-11 14:36:51,2026-02-20 13:40:18,Refunded
a8f11fcb-3aec-4cad-9597-41d15b58eced,Gregory Cabrera,"Phillips, Rivera and King","8864 Gardner Gardens
Kellyshire, NC 50913",['Pasta'],66.34,Pending,2026-01-16 12:57:33,2026-02-15 02:51:19,Paid
c3c104ec-7b16-4e78-92a1-5b5b0beca222,Diana Ramos,Tucker Group,"053 Garrett Trail Suite 105
Pattersonton, AS 43452","['Sandwich', 'Pizza', 'Soup', 'Tacos']",50.21,Delivered,2026-02-04 05:49:18,2026-02-02 15:49:04,Paid
ca8534cf-3eb8-43d9-9844-88b83f7dd137,Robin Sherman,Rogers Inc,"86992 Farmer Lane Suite 982
Barnesport, AR 78024","['Soup', 'Sandwich', 'Salad']",15.78,Cancelled,2026-02-16 10:21:18,2026-01-04 15:38:18,Refunded
